kepoi_name,kepler_name,kepid,ra,dec,koi_period,koi_prad,koi_teq,koi_steff,koi_srad,koi_kepmag,koi_disposition
"K00753.01",,10811496,297.004820,48.134129,19.89913995,14.6,638.0,5853.00,0.8680,15.436,"CANDIDATE"
"K00777.01",,11818800,294.316860,50.080231,40.4195037,7.51,467.0,5446.00,0.7810,15.487,"CANDIDATE"
"K00780.02",,11918099,293.833310,50.230350,7.2406612,19.45,734.0,5005.00,0.7650,15.334,"CANDIDATE"
"K00115.03",,9579641,287.887330,46.276241,3.43591631,0.55,1272.0,5779.00,1.0870,12.791,"CANDIDATE"
"K00797.01",,3115833,291.281950,38.241669,10.181584004,7.73,812.0,5988.00,0.8360,15.657,"CANDIDATE"
"K00802.01",,3453214,293.816190,38.563568,19.620346923,13.6,643.0,5710.00,0.9050,15.562,"CANDIDATE"
"K00815.01",,4544670,285.920010,39.624828,34.84398644,7.61,511.0,5509.00,0.8710,15.684,"CANDIDATE"
"K00820.01",,4936180,295.113710,40.071171,4.64090031,30.09,1155.0,6463.00,0.8260,15.270,"CANDIDATE"
"K00823.01",,5115978,296.006990,40.295429,1.028436523,72.77,1947.0,6228.00,0.9900,15.202,"CANDIDATE"
"K00868.01",,6867155,293.007970,42.307201,235.9986399,10.59,188.0,4245.00,0.6570,15.172,"CANDIDATE"
"K00856.01",,6526710,293.179290,41.969238,39.74893077,14.21,552.0,6122.00,0.9640,15.344,"CANDIDATE"
"K00858.01",,6599919,289.897770,42.009151,13.61014819,19.02,733.0,5697.00,0.9030,15.060,"CANDIDATE"
"K00865.01",,6862328,291.583770,42.368160,119.0207044,8.98,366.0,5453.00,1.0620,15.085,"CANDIDATE"
"K00871.01",,7031517,291.119690,42.507069,12.940668656,22.94,723.0,5875.00,0.8090,15.215,"CANDIDATE"
"K00883.01",,7380537,296.683070,42.967869,2.688899233,12.04,929.0,4820.00,0.6390,15.766,"CANDIDATE"
"K00901.01",,8013419,285.167480,43.876339,12.732624065,4.87,432.0,3950.00,0.5410,15.750,"CANDIDATE"
"K00902.01",,8018547,287.852390,43.897991,83.92494032,4.78,226.0,3960.00,0.5090,15.754,"CANDIDATE"
"K00914.01",,8552202,288.726650,44.607510,3.886655224,1.87,1010.0,5662.00,0.7380,15.371,"CANDIDATE"
"K00928.01",,9140402,284.759430,45.599129,2.494170338,2.42,1194.0,5569.00,0.8290,15.251,"CANDIDATE"
"K00924.01",,8951215,291.208040,45.244389,39.4759093,4.06,577.0,6225.00,1.0310,15.229,"CANDIDATE"
"K00935.04",,9347899,294.023010,45.853081,9.61731426,1.94,1010.0,6035.00,1.2570,15.237,"CANDIDATE"
"K01103.01",,2860866,293.223910,38.033581,90.1240507,7.12,485.0,6520.00,1.2150,14.960,"CANDIDATE"
"K01168.01",,10460629,287.586790,47.600021,856.672115,3.87,242.0,6449.00,1.3090,13.997,"CANDIDATE"
"K01169.01",,10319385,281.551180,47.469959,0.689210173,1.32,1943.0,5630.00,0.9540,13.248,"CANDIDATE"
"K00970.01",,11502218,289.093230,49.424484,3.9886021,34.39,3145.0,4813.00,13.6520,6.974,"CANDIDATE"
"K00971.01",,11180361,286.019200,48.866741,0.533059312,133.56,5862.0,8523.00,4.0510,7.748,"CANDIDATE"
"K01174.01",,10287723,296.821620,47.354031,129995.7784,2.99,25.0,4500.00,0.7260,13.447,"CANDIDATE"
"K00972.02",,11013201,282.000310,48.542221,7.82187328,2.78,2101.0,7221.00,4.2400,9.275,"CANDIDATE"
"K00974.01",,9414417,295.802670,45.988079,53.5057611,2.52,675.0,6247.00,1.7620,9.582,"CANDIDATE"
"K00151.01",,2307199,292.374760,37.630959,13.4471791,5.24,848.0,6276.00,1.0410,14.000,"CANDIDATE"
"K01118.01",,2853446,291.650970,38.028179,7.37290344,2.67,1004.0,5973.00,1.0700,13.835,"CANDIDATE"
"K01193.01",,3942446,287.888120,39.078709,119.0624882,10.4,366.0,5697.00,0.9200,15.289,"CANDIDATE"
"K01194.02",,3554031,293.804410,38.639130,14.8623076,1.57,454.0,4362.00,0.5540,15.842,"CANDIDATE"
"K00989.03",,10743597,296.382290,48.045311,16.15811112,86.13,660.0,5619.00,0.8740,15.488,"CANDIDATE"
"K01192.01",,3644071,291.032170,38.703911,1295.362215,57.82,169.0,5609.00,1.0480,14.215,"CANDIDATE"
"K00994.01",,1431122,291.142490,37.061321,4.2989201,2.12,1046.0,5300.00,0.9860,14.613,"CANDIDATE"
"K01066.01",,8260218,299.786320,44.169540,5.714817603,9.29,943.0,5695.00,0.8420,15.623,"CANDIDATE"
"K01127.03",,6359320,290.215180,41.775970,2.83668931,1.19,1242.0,5831.00,0.9210,15.808,"CANDIDATE"
"K01198.04",,3447722,292.479710,38.514919,1.00861677,,,,,15.319,"CANDIDATE"
"K00141.01",,12105051,288.038300,50.651611,2.624234833,5.11,1164.0,5340.00,0.8990,13.687,"CANDIDATE"
"K01070.03",,8240904,294.484380,44.166908,92.77779,1.92,410.0,5888.00,1.0190,15.590,"CANDIDATE"
"K01206.01",,3756801,293.954590,38.899971,422.917678,5.89,292.0,5796.00,1.4440,13.642,"CANDIDATE"
"K01145.01",,8313667,296.548610,44.264671,30.5872153,2.32,621.0,5944.00,1.0820,14.143,"CANDIDATE"
"K01081.01",,10149023,294.768550,47.132790,9.95639775,28.15,905.0,6161.00,1.0530,15.220,"CANDIDATE"
"K00950.01",,9772531,292.657040,46.537338,31.201692472,8.31,286.0,3748.00,0.4490,15.798,"CANDIDATE"
"K01154.01",,10295951,299.102810,47.377781,6.810823723,26.06,1626.0,7226.00,2.0790,12.628,"CANDIDATE"
"K01095.01",,3329204,287.616880,38.402321,51.59809554,6.57,449.0,5681.00,0.8590,15.617,"CANDIDATE"
"K01096.01",,3230491,290.183040,38.321941,1500,9.8,139.0,5606.00,0.7600,14.709,"CANDIDATE"
"K01032.01",,2162635,291.977540,37.532551,1500.1406772,18.35,206.0,5009.00,2.2830,13.862,"CANDIDATE"
"K01362.01",,6837146,281.605410,42.390419,20.51360192,2.58,540.0,5310.00,0.7040,15.406,"CANDIDATE"
"K01239.01",,6607286,292.178590,42.005909,0.783276173,1.98,2149.0,5640.00,1.2330,15.005,"CANDIDATE"
"K01239.02",,6607286,292.178590,42.005909,3.17405898,2.09,1348.0,5640.00,1.2330,15.005,"CANDIDATE"
"K01431.01",,11075279,287.022280,48.681938,345.1589354,7.79,241.0,5597.00,0.9310,13.460,"CANDIDATE"
"K01242.01",,6607447,292.228390,42.035370,99.6442783,8.48,415.0,6102.00,1.0160,13.750,"CANDIDATE"
"K01246.01",,6441738,291.427550,41.878159,19.03723442,5.74,1051.0,5248.00,2.8920,14.898,"CANDIDATE"
"K01251.01",,8616873,288.700870,44.707680,0.576078683,23.23,1982.0,5693.00,0.8160,15.237,"CANDIDATE"
"K01255.01",,8494263,291.445220,44.528690,78.9257421,11.9,398.0,5750.00,0.8820,15.913,"CANDIDATE"
"K01315.01",,10928043,295.293850,48.374802,6.84639884,1.9,1132.0,6065.00,1.3100,13.137,"CANDIDATE"
"K01316.02",,10794087,290.552370,48.126263,12.37679312,,,,,11.926,"CANDIDATE"
"K01268.01",,8813698,289.889620,45.005669,268.9410974,13.57,321.0,5798.00,1.3060,14.814,"CANDIDATE"
"K01328.01",,4074736,295.805850,39.177990,80.9669561,5.04,364.0,5611.00,0.7370,15.671,"CANDIDATE"
"K01331.01",,4274548,294.508420,39.398682,6.80082032,1.88,697.0,4805.00,0.6880,15.238,"CANDIDATE"
"K01445.02",,11336883,283.936800,49.110329,54.325574,0.76,545.0,6343.00,1.1370,12.320,"CANDIDATE"
"K01445.03",,11336883,283.936800,49.110329,20.01959599,,,,,12.320,"CANDIDATE"
"K01271.01",,8631160,294.265500,44.794300,162.0479502,11.52,437.0,6309.00,1.5670,13.632,"CANDIDATE"
"K01393.01",,9202151,283.555540,45.614262,1.694740233,2.12,797.0,3764.00,0.5270,15.804,"CANDIDATE"
"K01455.01",,4760746,295.478300,39.867722,15.068060768,16.43,742.0,5982.00,0.9600,15.950,"CANDIDATE"
"K01397.01",,9427402,299.677700,45.972328,6.247030799,1.89,512.0,3821.00,0.4870,15.369,"CANDIDATE"
"K01208.01",,3962440,293.618770,39.022572,700.00298217,6.43,238.0,6487.00,1.1180,13.594,"CANDIDATE"
"K01209.01",,3534076,288.314360,38.693291,272.0868353,5.95,251.0,5587.00,0.7910,15.166,"CANDIDATE"
"K01338.02",,4466677,292.276120,39.550179,42.0370662,1.66,527.0,5823.00,0.9600,14.609,"CANDIDATE"
"K01338.03",,4466677,292.276120,39.550179,21.0112068,1.4,663.0,5823.00,0.9600,14.609,"CANDIDATE"
"K01399.01",,9100484,295.760830,45.457390,8.75059775,2.27,682.0,4942.00,0.7790,15.920,"CANDIDATE"
"K01225.01",,6620003,295.622220,42.092880,1.714274727,25,827.0,3874.00,0.5350,15.686,"CANDIDATE"
"K01356.01",,7363829,292.119900,42.931679,384.02570682,,,,,15.206,"CANDIDATE"
"K01357.01",,6719086,298.459530,42.187431,3.014330766,2.87,1124.0,5209.00,0.9530,15.673,"CANDIDATE"
"K01420.01",,11026304,290.112700,48.577782,13.35151248,4.44,585.0,4843.00,0.7540,15.825,"CANDIDATE"
"K01421.01",,11342550,287.650450,49.156052,1693.6636225,10.23,157.0,5923.00,1.0210,15.305,"CANDIDATE"
"K01359.02",,6946199,291.020690,42.462440,104.8205868,6.45,376.0,5986.00,0.8500,15.229,"CANDIDATE"
"K01303.01",,10867062,294.230070,48.204479,34.2966363,3.29,584.0,5490.00,1.1670,14.965,"CANDIDATE"
"K01560.01",,8046659,297.419650,43.876579,31.56904354,11.18,575.0,5654.00,0.9980,15.042,"CANDIDATE"
"K01499.02",,7841925,297.724270,43.527431,0.840594032,0.62,1780.0,5440.00,0.8850,14.480,"CANDIDATE"
"K01619.01",,4276716,294.990230,39.346378,20.6654374,0.66,487.0,4830.00,0.6760,11.759,"CANDIDATE"
"K01622.01",,7287683,293.548890,42.888859,69.8347983,3.51,765.0,7732.00,2.0220,12.020,"CANDIDATE"
"K01731.01",,8266276,301.469300,44.159649,2.59488443,2.36,1014.0,4748.00,0.7970,15.720,"CANDIDATE"
"K01733.01",,8396405,301.085720,44.380192,19.18109525,1.72,513.0,5214.00,0.5870,15.730,"CANDIDATE"
"K01739.01",,7199906,291.650090,42.700779,220.65651253,,,,,15.129,"CANDIDATE"
"K01630.01",,9017682,290.259640,45.388409,11.30507984,1.4,744.0,5705.00,0.8440,15.152,"CANDIDATE"
"K01639.02",,10749128,297.900450,48.094700,9.9824036,1.17,966.0,6273.00,1.1390,13.538,"CANDIDATE"
"K01764.01",,11904734,286.052800,50.256592,12.681733929,7.25,601.0,4976.00,0.7010,15.303,"CANDIDATE"
"K01773.01",,10153011,296.088200,47.142891,83.09708021,13.83,329.0,5286.00,0.6360,15.678,"CANDIDATE"
"K01510.01",,11870545,295.084230,50.114609,0.839961456,1.63,1455.0,4932.00,0.7180,15.929,"CANDIDATE"
"K01573.02",,5031857,296.846160,40.138611,7.136922,1.38,956.0,6086.00,0.9210,14.373,"CANDIDATE"
"K01574.03",,10028792,297.916870,46.965130,5.83393857,1.98,1285.0,5597.00,1.6990,14.600,"CANDIDATE"
"K01647.03",,11153121,298.294950,48.775459,6.33027476,1.02,1046.0,5900.00,1.0700,14.167,"CANDIDATE"
"K01758.01",,6705142,295.434360,42.166321,5.59728249,3.28,930.0,5610.00,0.8580,15.969,"CANDIDATE"
"K01576.03",,5299459,297.795140,40.417709,23.3397956,1.23,653.0,5671.00,1.0840,14.072,"CANDIDATE"
"K01656.01",,4471747,293.625920,39.506310,51.3901452,3.62,570.0,6074.00,1.2920,15.030,"CANDIDATE"
"K01582.01",,4918309,290.128570,40.021832,186.4361811,11.32,353.0,5393.00,1.3700,15.402,"CANDIDATE"
"K01660.01",,4830605,290.241030,39.968010,35.6364022,1.99,537.0,5926.00,0.8870,15.614,"CANDIDATE"
"K01458.01",,12120943,296.571530,50.677849,8.98128472,7.19,898.0,5977.00,1.0220,15.703,"CANDIDATE"
"K01527.01",,7768451,296.671300,43.498390,192.667139,3.64,283.0,5401.00,0.8780,14.879,"CANDIDATE"
"K01587.01",,9932970,281.618870,46.814201,52.971584,29.02,402.0,5204.00,0.7890,15.700,"CANDIDATE"
"K01665.02",,4932442,294.171080,40.055168,5.91393977,1.07,1112.0,6194.00,1.1290,14.042,"CANDIDATE"
"K01675.01",,5360920,291.337190,40.558201,14.62399621,21.92,681.0,5753.00,0.8150,15.789,"CANDIDATE"
"K01465.01",,11702948,286.149380,49.867512,9.771462706,10.15,799.0,5812.00,0.8530,14.245,"CANDIDATE"
"K01466.01",,9512981,284.849880,46.138950,281.5628889,10.83,214.0,4810.00,0.7760,15.962,"CANDIDATE"
"K01677.02",,5526717,289.679350,40.700459,8.51170088,,,,,14.279,"CANDIDATE"
"K01681.01",,5531953,291.285000,40.730049,6.93910337,1.41,445.0,3638.00,0.4200,15.855,"CANDIDATE"
"K01537.01",,9872292,281.461730,46.789894,10.19154678,1.39,1144.0,6212.00,1.6840,11.740,"CANDIDATE"
"K01590.01",,5542466,294.364870,40.720879,12.89006728,1.93,620.0,4915.00,0.8120,15.674,"CANDIDATE"
"K00185.01",,4178389,296.185240,39.262680,23.210509958,21.19,595.0,5875.00,0.8090,14.228,"CANDIDATE"
"K01590.03",,5542466,294.364870,40.720879,4.74666128,1.3,865.0,4915.00,0.8120,15.674,"CANDIDATE"
"K01473.01",,7499398,280.360230,43.123680,23.02028478,7.58,604.0,5613.00,0.9560,15.573,"CANDIDATE"
"K00191.03",,5972334,295.287230,41.221958,0.708621057,1.2,1846.0,5422.00,0.8870,14.991,"CANDIDATE"
"K01477.01",,7811397,287.653960,43.505718,169.4976085,9.06,272.0,5270.00,0.7870,15.917,"CANDIDATE"
"K01546.01",,5475431,298.513700,40.639622,0.917568975,11.92,1748.0,5713.00,0.8930,14.456,"CANDIDATE"
"K01597.01",,5039228,298.368840,40.173424,7.79668781,2.44,1116.0,6521.00,1.2760,12.681,"CANDIDATE"
"K01480.02",,7512982,286.741880,43.190102,7.00447892,1.19,754.0,4883.00,0.8080,15.887,"CANDIDATE"
"K01547.01",,5283458,294.200900,40.455959,30.69395532,13.72,614.0,6137.00,1.0180,15.673,"CANDIDATE"
"K01549.01",,8053552,299.055850,43.897202,29.481061268,16.61,571.0,5631.00,0.9010,15.135,"CANDIDATE"
"K01708.01",,7750419,290.882320,43.471760,32.7737631,5,686.0,5640.00,1.5340,14.758,"CANDIDATE"
"K01552.01",,7984047,298.925930,43.750370,77.63424586,9.4,325.0,4812.00,0.7550,15.915,"CANDIDATE"
"K01962.01",,5513648,284.233980,40.794540,32.85862571,2.31,691.0,5899.00,1.4140,10.770,"CANDIDATE"
"K01964.01",,7887791,290.703700,43.607208,2.229326354,0.6,1273.0,5587.00,0.8650,10.687,"CANDIDATE"
"K02037.03",,9634821,284.342740,46.316551,8.56267266,2.26,768.0,5029.00,0.9300,15.213,"CANDIDATE"
"K01972.01",,11253711,296.089750,48.955372,17.79108667,2.88,830.0,5855.00,1.3400,13.800,"CANDIDATE"
"K02042.01",,9111849,298.750180,45.466400,63.0732241,17.8,1077.0,6234.00,6.3540,13.089,"CANDIDATE"
"K01906.01",,11773328,296.623470,49.979172,8.710442022,3.61,760.0,5416.00,0.8090,14.816,"CANDIDATE"
"K01843.02",,5080636,285.013090,40.220749,6.35585682,0.86,503.0,3706.00,0.5220,14.404,"CANDIDATE"
"K02052.01",,3248501,294.697720,38.364159,4.22464216,4.31,1279.0,6343.00,1.1400,15.341,"CANDIDATE"
"K01856.01",,11570749,297.078610,49.502079,46.2991052,4.33,592.0,5396.00,1.5070,14.082,"CANDIDATE"
"K01922.02",,9411166,294.613650,45.984619,15.09521323,,,,,15.356,"CANDIDATE"
"K02064.01",,2579043,292.135250,37.889622,6.31219171,2.17,1096.0,6322.00,1.0750,14.959,"CANDIDATE"
"K01858.02",,8160953,290.144320,44.049950,86.049055,2.06,410.0,5733.00,0.9970,14.767,"CANDIDATE"
"K01784.01",,10158418,297.646060,47.167488,5.007414194,8.8,1114.0,5957.00,1.0420,13.592,"CANDIDATE"
"K01861.01",,3648437,292.166170,38.739052,17.50441726,3.56,824.0,5815.00,1.3290,13.926,"CANDIDATE"
"K02009.01",,2449431,292.773990,37.797691,86.7490807,2.23,398.0,5579.00,0.9700,13.820,"CANDIDATE"
"K01793.01",,5731623,298.316740,40.996101,3.261759866,8.01,1262.0,6131.00,0.9450,15.280,"CANDIDATE"
"K00210.01",,10602291,292.782350,47.800629,20.92735802,17.36,735.0,6126.00,1.1090,14.877,"CANDIDATE"
"K01872.01",,9883311,288.313320,46.771431,30.5231459,11.26,506.0,5518.00,0.7900,15.841,"CANDIDATE"
"K01934.01",,4242147,284.969670,39.360291,28.78270955,2.11,443.0,4774.00,0.7450,14.649,"CANDIDATE"
"K01803.01",,4349442,286.635530,39.488621,4.539297295,2.34,830.0,4914.00,0.7240,13.260,"CANDIDATE"
"K01940.02",,10005788,289.352020,46.973728,6.73679732,,,,,15.389,"CANDIDATE"
"K00211.01",,10656508,287.970310,47.972099,124.03589939,11.13,413.0,5822.00,1.2800,14.989,"CANDIDATE"
"K01945.02",,11656918,289.029750,49.769711,17.1181036,1.22,654.0,5576.00,0.9290,14.520,"CANDIDATE"
"K01946.01",,10844890,283.344270,48.223911,8.29482811,2.76,876.0,5773.00,0.9390,14.469,"CANDIDATE"
"K01816.01",,8624520,291.683290,44.751640,10.240611361,3.9,656.0,5227.00,0.6400,15.408,"CANDIDATE"
"K01884.01",,4851530,295.902400,39.918362,23.11707222,4.37,548.0,5275.00,0.7960,15.462,"CANDIDATE"
"K01884.02",,4851530,295.902400,39.918362,4.77502117,1.73,926.0,5275.00,0.7960,15.462,"CANDIDATE"
"K00212.01",,6300348,296.139800,41.603180,5.69590202,6.61,1043.0,6106.00,0.9400,14.858,"CANDIDATE"
"K02248.04",,11030475,292.239930,48.511570,2.64622742,0.99,1082.0,5167.00,0.7870,15.498,"CANDIDATE"
"K02339.02",,7033233,291.669280,42.590710,65.18703725,,,,,15.130,"CANDIDATE"
"K02174.01",,8261920,300.242220,44.141399,6.69332825,2.44,609.0,4245.00,0.6370,15.673,"CANDIDATE"
"K02343.01",,6119141,290.375120,41.433750,29.0726293,2.32,614.0,5799.00,1.0420,14.409,"CANDIDATE"
"K02261.02",,3734418,287.529630,38.894508,6.6254781,0.9,828.0,5211.00,0.8320,14.110,"CANDIDATE"
"K02272.01",,9654875,294.153660,46.309681,1.34145255,1.31,3015.0,7495.00,2.3890,12.783,"CANDIDATE"
"K02186.01",,3097926,285.908480,38.212719,14.97974335,3.79,620.0,5062.00,0.8530,15.549,"CANDIDATE"
"K02188.02",,10518424,283.753850,47.796951,6.7445683,0.86,983.0,6106.00,0.9230,15.319,"CANDIDATE"
"K02189.01",,5730445,298.074740,40.948990,33.35859852,4.44,459.0,5009.00,0.7990,15.253,"CANDIDATE"
"K02369.02",,5602588,285.720790,40.856960,6.3143447,1.34,1012.0,6075.00,0.9690,15.832,"CANDIDATE"
"K02370.01",,5385304,297.558200,40.541309,78.7327023,7.76,761.0,6715.00,2.7630,13.003,"CANDIDATE"
"K02124.01",,11462341,295.288540,49.379791,42.3375799,1.45,311.0,4132.00,0.5810,14.275,"CANDIDATE"
"K02206.01",,11073656,285.968020,48.679050,1.834277283,1.64,1459.0,5751.00,0.9580,15.198,"CANDIDATE"
"K02354.01",,7215678,296.066250,42.768219,1.151244686,40.32,1756.0,6086.00,0.9210,14.519,"CANDIDATE"
"K02357.01",,7449554,293.203770,43.057011,2.42088277,2.27,1616.0,5583.00,1.5300,15.610,"CANDIDATE"
"K02288.01",,3440978,290.703000,38.567032,38.103908,4.08,456.0,5250.00,0.7710,15.469,"CANDIDATE"
"K02364.01",,9532710,294.384700,46.157841,5.24242029,3.86,1367.0,5383.00,1.8290,15.830,"CANDIDATE"
"K02217.01",,9580992,288.642520,46.215660,37.8034121,2.95,460.0,5329.00,0.8190,15.191,"CANDIDATE"
"K02294.01",,6934986,287.153200,42.421612,131.485184,3.03,400.0,5765.00,1.2420,14.895,"CANDIDATE"
"K02295.01",,4049901,289.545140,39.164429,16.2908527,0.52,622.0,5425.00,0.7970,11.671,"CANDIDATE"
"K02373.01",,10798331,292.314670,48.140461,147.281212,2.28,353.0,5708.00,1.0540,14.685,"CANDIDATE"
"K02298.01",,9334893,288.456050,45.802120,16.6671415,0.7,469.0,4729.00,0.5250,13.831,"CANDIDATE"
"K02222.01",,9289704,295.247340,45.757401,34.135676,13.98,1526.0,7818.00,5.5550,12.963,"CANDIDATE"
"K02224.02",,8892157,294.189270,45.151581,86.130534,1.47,391.0,5830.00,0.8760,14.966,"CANDIDATE"
"K02226.01",,11520459,297.525420,49.401451,8.46354384,2.51,805.0,5427.00,0.8870,15.338,"CANDIDATE"
"K02311.01",,4247991,287.241180,39.332760,191.86419296,,,,,12.570,"CANDIDATE"
"K02311.02",,4247991,287.241180,39.332760,13.72549689,,,,,12.570,"CANDIDATE"
"K02312.01",,10026544,297.283170,46.904530,176.331289,2.38,505.0,6146.00,2.2510,12.982,"CANDIDATE"
"K02081.01",,2853780,291.729160,38.070019,6.2141496,4.27,1506.0,5295.00,3.1520,13.439,"CANDIDATE"
"K00227.01",,6185476,284.352020,41.519199,17.65737838,2.45,350.0,3745.00,0.4700,14.267,"CANDIDATE"
"K02159.01",,8804455,285.138310,45.004539,7.5966998,1.32,964.0,5716.00,1.0910,13.482,"CANDIDATE"
"K02160.02",,5546761,295.481230,40.731979,15.40877383,,,,,14.874,"CANDIDATE"
"K02323.01",,8872048,286.072020,45.136711,58.35512552,,,,,15.484,"CANDIDATE"
"K02324.01",,7746958,289.677860,43.458134,1.204686597,1.55,1711.0,5780.00,1.0000,11.671,"CANDIDATE"
"K02093.01",,6525946,292.954160,41.934799,6.78341325,20.75,2628.0,5096.00,8.7690,15.357,"CANDIDATE"
"K02167.02",,6041734,291.604490,41.309361,6.95787,1.39,1047.0,6240.00,1.0250,15.280,"CANDIDATE"
"K02248.02",,11030475,292.239930,48.511570,9.4907638,1.05,704.0,5290.00,0.7460,15.498,"CANDIDATE"
"K02248.03",,11030475,292.239930,48.511570,0.76196247,1.08,1638.0,5167.00,0.7870,15.498,"CANDIDATE"
"K02169.04",,9006186,285.207490,45.384350,2.19251903,0.37,1225.0,5450.00,0.8420,12.404,"CANDIDATE"
"K02554.01",,10471621,292.379790,47.644611,39.7557642,13.72,325.0,4405.00,0.5110,15.439,"CANDIDATE"
"K02554.02",,10471621,292.379790,47.644611,10.27127527,0.94,510.0,4405.00,0.5110,15.439,"CANDIDATE"
"K02486.01",,8074328,280.690460,43.919182,4.267961416,1.42,1371.0,6395.00,1.2370,13.047,"CANDIDATE"
"K02560.01",,4670217,295.705170,39.756840,18.1209388,1.68,543.0,4905.00,0.7740,15.486,"CANDIDATE"
"K02637.01",,9574179,284.728940,46.206478,3.98864999,1.15,1233.0,5692.00,1.1880,15.016,"CANDIDATE"
"K02639.01",,11391755,285.365170,49.201561,25.1123362,2.22,691.0,6133.00,1.1120,15.527,"CANDIDATE"
"K02639.02",,11391755,285.365170,49.201561,2.121023807,5.75,1573.0,6133.00,1.1120,15.527,"CANDIDATE"
"K02640.01",,9088780,291.809840,45.435478,33.18089453,,,,,13.226,"CANDIDATE"
"K02641.01",,8894646,294.995850,45.119579,3.55557922,0.84,1270.0,5839.00,1.0820,13.845,"CANDIDATE"
"K02569.01",,8247770,296.603000,44.140820,8.28157072,1.37,956.0,5640.00,1.1750,14.273,"CANDIDATE"
"K02571.01",,6867588,293.137050,42.350479,0.82628442,0.96,1629.0,5218.00,0.8290,14.434,"CANDIDATE"
"K02572.01",,7501646,281.592350,43.177879,6.37705295,2.15,935.0,5672.00,0.9650,15.522,"CANDIDATE"
"K02421.01",,8838950,298.419310,45.071442,2.27050106,0.55,903.0,4671.00,0.5280,14.363,"CANDIDATE"
"K02577.01",,12257999,291.287720,50.909149,18.55581565,20.83,1793.0,5988.00,8.8410,13.506,"CANDIDATE"
"K02578.01",,6922203,281.260130,42.403290,13.33094869,25.95,815.0,5991.00,1.0390,14.847,"CANDIDATE"
"K02671.01",,2437505,290.230320,37.777481,21.47642727,59.5,655.0,5780.00,1.0000,17.290,"CANDIDATE"
"K02508.01",,8836888,297.907380,45.032310,7.10397925,1.51,818.0,5488.00,0.7890,15.164,"CANDIDATE"
"K02656.01",,8636539,296.005430,44.718510,6.77367892,1.33,1083.0,6392.00,1.0720,15.024,"CANDIDATE"
"K02657.01",,9283156,292.761750,45.727242,5.22402436,0.58,941.0,5487.00,0.8400,12.869,"CANDIDATE"
"K02512.01",,9574158,284.719880,46.250790,15.92108138,3.14,645.0,5595.00,0.8200,15.523,"CANDIDATE"
"K02516.01",,7294743,295.453670,42.858799,2.81043228,1.43,1701.0,5415.00,2.0790,13.388,"CANDIDATE"
"K02592.01",,6765135,287.752290,42.244781,175.603366,2.87,348.0,6225.00,1.0090,15.054,"CANDIDATE"
"K02666.01",,5342061,284.119780,40.524281,64.034363,3.47,411.0,5691.00,0.7830,15.341,"CANDIDATE"
"K02519.01",,4047631,288.903900,39.154209,4.790912471,2.25,717.0,4359.00,0.6760,14.452,"CANDIDATE"
"K02445.01",,6516185,289.884460,41.906551,47.3659328,11.97,481.0,5708.00,0.9020,15.817,"CANDIDATE"
"K02598.01",,7446631,292.324190,43.033451,29.2254372,1.35,614.0,6049.00,1.0080,14.162,"CANDIDATE"
"K02377.01",,5906426,299.292270,41.153080,13.9034057,1.55,646.0,5261.00,0.8190,14.782,"CANDIDATE"
"K02449.01",,12208631,291.550510,50.825611,53.3580444,3.41,474.0,5481.00,1.0360,15.114,"CANDIDATE"
"K02603.01",,2443393,291.457550,37.742935,73.711039,1.77,563.0,6374.00,1.5020,12.643,"CANDIDATE"
"K02604.01",,9019191,290.824370,45.355019,14.43348326,16.25,558.0,4915.00,0.7020,15.323,"CANDIDATE"
"K02380.01",,3002478,294.185610,38.108669,6.35705314,1.59,990.0,5982.00,0.9600,14.216,"CANDIDATE"
"K02453.01",,8631751,294.468480,44.753960,1.530515205,0.84,608.0,3462.00,0.2590,15.630,"CANDIDATE"
"K02531.01",,4172746,295.103910,39.268749,17.6997392,1.96,523.0,4807.00,0.7420,15.440,"CANDIDATE"
"K02607.01",,5095635,290.684690,40.255451,0.754457729,2.07,2131.0,5561.00,1.1930,14.482,"CANDIDATE"
"K02384.01",,12254688,289.373810,50.934341,62.6825769,39.8,916.0,7058.00,3.1010,13.072,"CANDIDATE"
"K02386.01",,4172013,294.940090,39.232571,16.2707207,28.42,827.0,6117.00,1.2440,14.940,"CANDIDATE"
"K02534.02",,1996180,286.344300,37.411968,5.42204257,1.39,1222.0,6123.00,1.2630,13.925,"CANDIDATE"
"K02610.01",,2305866,292.093320,37.613480,24.1073172,2.74,1065.0,6585.00,2.5170,12.605,"CANDIDATE"
"K02613.01",,9712350,292.703430,46.415871,51.5738653,2.41,417.0,5380.00,0.8130,15.960,"CANDIDATE"
"K02548.01",,9580167,288.181980,46.246181,0.827151296,19.1,5171.0,4452.00,11.8950,14.992,"CANDIDATE"
"K02400.01",,7984574,299.061680,43.720329,11.6191707,2.21,756.0,5870.00,0.8340,15.664,"CANDIDATE"
"K02401.01",,10336951,290.836270,47.444939,38.2292037,1.51,359.0,4544.00,0.5980,14.847,"CANDIDATE"
"K02474.01",,8240617,294.397490,44.124199,176.845697,42.05,291.0,5592.00,0.7970,14.182,"CANDIDATE"
"K02550.01",,11622985,297.240170,49.616859,18.0243482,1.98,683.0,5955.00,0.9100,15.419,"CANDIDATE"
"K02551.01",,11361283,296.723050,49.106659,16.4793229,1.53,537.0,4908.00,0.7160,15.846,"CANDIDATE"
"K02404.01",,6364215,291.877990,41.769581,2.10081629,1.65,1378.0,5815.00,0.9180,15.656,"CANDIDATE"
"K02840.01",,6467363,298.353610,41.820068,3.67936863,0.92,1112.0,5676.00,0.8480,13.884,"CANDIDATE"
"K02840.02",,6467363,298.353610,41.820068,7.4464635,0.77,879.0,5676.00,0.8480,13.884,"CANDIDATE"
"K02764.01",,10073672,291.231480,47.033932,2.252976718,1.19,795.0,4039.00,0.5590,15.794,"CANDIDATE"
"K02921.01",,6842807,284.354340,42.388371,16.6146221,1.49,604.0,5295.00,0.8000,15.460,"CANDIDATE"
"K02923.01",,9815053,283.398250,46.689789,5.83892993,1.19,835.0,5279.00,0.7690,14.628,"CANDIDATE"
"K02706.01",,9697131,285.077670,46.419601,3.09756897,1.75,1782.0,6329.00,1.8850,10.268,"CANDIDATE"
"K02770.01",,10917043,290.253850,48.360821,205.385912,2.11,200.0,4400.00,0.6240,15.558,"CANDIDATE"
"K02851.02",,6697605,293.566350,42.132580,1.23935745,1.5,1583.0,5370.00,0.9660,15.472,"CANDIDATE"
"K02853.01",,12602314,290.433230,51.626041,1.407020118,1.12,1350.0,5022.00,0.8490,14.946,"CANDIDATE"
"K02927.01",,5787131,290.540070,41.093040,24.4359956,2.31,674.0,6197.00,1.0350,15.849,"CANDIDATE"
"K02775.01",,6346809,285.098720,41.775921,17.57704569,27.21,673.0,5653.00,0.9010,14.940,"CANDIDATE"
"K02855.01",,4547603,287.192470,39.626148,1.400755743,1.3,1628.0,5487.00,1.0720,14.456,"CANDIDATE"
"K00272.01",,5716763,295.101140,40.986679,1.28132831,4.52,2215.0,5918.00,1.5960,12.107,"CANDIDATE"
"K02933.01",,12416987,295.677980,51.257839,119.0833042,22.19,240.0,4412.00,0.6230,15.823,"CANDIDATE"
"K02935.01",,8259713,299.661100,44.112381,27.8813154,1.54,681.0,6434.00,1.0550,13.603,"CANDIDATE"
"K02712.01",,11098013,297.747280,48.694309,7.50790041,1.77,1138.0,6408.00,1.3370,11.125,"CANDIDATE"
"K00268.01",,3425851,285.728790,38.506973,110.3783828,3.02,473.0,6342.00,1.3590,10.560,"CANDIDATE"
"K02859.03",,10397751,288.831360,47.551991,4.28886792,0.57,944.0,5374.00,0.7210,13.851,"CANDIDATE"
"K02862.01",,6679295,287.948610,42.156139,24.5752524,1.64,316.0,3678.00,0.5120,15.907,"CANDIDATE"
"K02949.01",,6026737,285.875790,41.332432,10.1747037,1.04,985.0,5866.00,1.3390,13.313,"CANDIDATE"
"K02962.01",,4935172,294.863190,40.007511,2.17291055,0.93,1507.0,6164.00,1.0450,14.229,"CANDIDATE"
"K02963.02",,8760040,294.336460,44.918289,7.35101287,1.42,1064.0,5951.00,1.2620,14.544,"CANDIDATE"
"K02720.01",,8176564,295.439670,44.039162,6.57159435,1.26,1211.0,6042.00,1.4320,10.338,"CANDIDATE"
"K02797.01",,10604521,293.683560,47.833141,0.868122253,1.65,2047.0,6116.00,1.0840,15.800,"CANDIDATE"
"K02942.01",,4385148,296.264560,39.405960,13.84301228,1.98,699.0,5745.00,0.8370,15.480,"CANDIDATE"
"K02876.01",,4367854,292.379030,39.435841,5.1952021,1.37,836.0,5044.00,0.7380,14.937,"CANDIDATE"
"K02958.01",,10597693,290.928800,47.887249,31.6084371,1.89,634.0,6341.00,1.0330,14.756,"CANDIDATE"
"K02959.01",,7466270,297.272220,43.098721,16.1558656,2.04,455.0,4504.00,0.5300,15.771,"CANDIDATE"
"K02807.01",,2985587,290.480070,38.136688,3.375716723,2.34,1472.0,6310.00,1.2820,13.910,"CANDIDATE"
"K02882.01",,5642620,297.590850,40.814960,75.8580035,2.72,281.0,4474.00,0.6140,15.398,"CANDIDATE"
"K02968.01",,8873090,286.580140,45.163822,10.16435076,1.99,1389.0,6133.00,2.7100,11.912,"CANDIDATE"
"K02677.01",,9958387,294.757690,46.831120,237.787237,9.91,354.0,5185.00,1.8530,13.460,"CANDIDATE"
"K02813.01",,11197853,295.342220,48.856152,0.698461304,14.81,5173.0,4676.00,12.5580,13.586,"CANDIDATE"
"K02679.01",,6716021,297.841250,42.118252,110.7556272,29.64,651.0,6525.00,2.6680,13.455,"CANDIDATE"
"K02680.01",,8326342,299.791500,44.281231,14.4079035,23.4,624.0,5440.00,0.7280,14.599,"CANDIDATE"
"K02739.02",,4831728,290.576720,39.956890,7.0956395,1.2,989.0,5480.00,1.1740,15.017,"CANDIDATE"
"K02821.01",,4249611,287.848330,39.358429,79.2450351,3.33,404.0,5648.00,0.9170,15.302,"CANDIDATE"
"K02683.01",,7899070,294.539340,43.607780,126.4451275,4.49,321.0,5613.00,0.7950,15.500,"CANDIDATE"
"K02899.01",,4939533,295.847470,40.006721,5.77207177,1.54,915.0,5591.00,0.8600,15.703,"CANDIDATE"
"K02900.01",,4846856,294.841800,39.918880,46.151253,2.08,423.0,5204.00,0.7690,15.266,"CANDIDATE"
"K02689.01",,10265602,288.177890,47.366680,165.3447044,6.98,301.0,5594.00,0.8120,15.548,"CANDIDATE"
"K02691.01",,4552729,289.109920,39.685390,97.4463194,3.05,283.0,4735.00,0.6860,14.981,"CANDIDATE"
"K02750.01",,3663173,295.669130,38.795841,174.636181,11.12,481.0,5974.00,2.2320,15.905,"CANDIDATE"
"K02833.01",,9109857,298.215270,45.406891,1.791877025,1.48,2223.0,6002.00,2.1390,12.599,"CANDIDATE"
"K02906.02",,6716545,297.944760,42.191879,145.881936,1.8,424.0,6052.00,1.4240,13.716,"CANDIDATE"
"K02695.01",,5196864,294.543730,40.313862,2.50343279,20.23,1147.0,5174.00,0.8400,15.601,"CANDIDATE"
"K02696.01",,11071200,284.415920,48.658020,96.4562198,9.1,727.0,7029.00,2.7040,12.998,"CANDIDATE"
"K02696.02",,11071200,284.415920,48.658020,44.5643831,5.8,940.0,7029.00,2.7040,12.998,"CANDIDATE"
"K02758.01",,8703129,296.723600,44.853142,253.374581,19.25,555.0,5177.00,5.9490,11.893,"CANDIDATE"
"K02914.01",,6837283,281.691590,42.397549,21.1181653,2.89,1110.0,6461.00,2.5660,12.199,"CANDIDATE"
"K02915.01",,5613821,289.917420,40.828606,5.06092282,0.98,998.0,5637.00,0.9110,13.346,"CANDIDATE"
"K02700.01",,8639908,297.003540,44.775089,0.910020582,1.12,1127.0,4297.00,0.5330,15.381,"CANDIDATE"
"K02759.01",,11076400,287.725650,48.651379,1.07808492,1.01,1417.0,4906.00,0.8140,14.288,"CANDIDATE"
"K03007.01",,10190075,283.335330,47.208832,11.1916199,1.47,782.0,5646.00,0.9560,14.528,"CANDIDATE"
"K03086.01",,10749059,297.884640,48.001450,174.731515,3,287.0,5201.00,0.8970,15.707,"CANDIDATE"
"K03089.01",,7668416,286.148040,43.369202,0.858546796,0.88,1671.0,5269.00,0.8640,15.247,"CANDIDATE"
"K00304.02",,6029239,287.089970,41.373878,5.518195,0.46,969.0,5767.00,0.8810,12.549,"CANDIDATE"
"K00366.01",,3545478,291.664180,38.619255,75.1122132,23.23,777.0,6201.00,3.3540,11.714,"CANDIDATE"
"K03013.01",,11565544,294.968110,49.556511,3.76562031,19.39,1084.0,5743.00,0.8530,14.698,"CANDIDATE"
"K03017.01",,12072872,296.859250,50.560162,2.46288834,0.67,1391.0,5893.00,0.9670,13.308,"CANDIDATE"
"K03020.01",,8241079,294.540410,44.190979,10.9192653,1.9,1107.0,5745.00,1.9720,13.534,"CANDIDATE"
"K03105.01",,12168993,296.280640,50.755669,4.21223579,1.04,887.0,5116.00,0.7000,15.277,"CANDIDATE"
"K00064.01",,7051180,296.510590,42.547440,1.951082219,10.35,2005.0,5302.00,2.4260,13.143,"CANDIDATE"
"K00379.02",,2446113,292.056760,37.776192,23.1375919,1.83,837.0,6078.00,1.6830,13.319,"CANDIDATE"
"K03029.01",,5903749,298.758360,41.159882,18.9763286,2.24,638.0,5300.00,0.9860,14.948,"CANDIDATE"
"K03029.02",,5903749,298.758360,41.159882,6.34724702,1.35,919.0,5300.00,0.9860,14.948,"CANDIDATE"
"K03111.01",,8581240,298.576870,44.621609,10.76800074,0.92,885.0,5874.00,1.0960,12.863,"CANDIDATE"
"K03111.02",,8581240,298.576870,44.621609,4.32848303,0.66,1199.0,5874.00,1.0960,12.863,"CANDIDATE"
"K00005.01",,8554498,289.739720,44.647419,4.780327581,7.14,1441.0,5937.00,1.7870,11.665,"CANDIDATE"
"K03031.01",,6949898,292.227390,42.451969,7.64809462,1.19,840.0,5641.00,0.8500,15.267,"CANDIDATE"
"K03034.01",,2973386,286.980130,38.165218,31.0209175,1.66,291.0,3720.00,0.4800,15.572,"CANDIDATE"
"K03112.01",,7022573,288.210720,42.556808,2.118893997,1.41,1230.0,5504.00,0.7960,15.855,"CANDIDATE"
"K03114.01",,9288237,294.716770,45.781269,7.49133777,1.01,1291.0,6177.00,1.7100,12.277,"CANDIDATE"
"K03037.01",,6593150,287.602230,42.075741,5.4654174,1.23,927.0,5612.00,0.8290,15.861,"CANDIDATE"
"K03117.01",,6523351,292.121800,41.927029,6.06664931,0.87,915.0,5569.00,0.8920,13.163,"CANDIDATE"
"K03119.01",,5551672,296.587190,40.722988,2.184437698,0.94,529.0,3421.00,0.2500,16.946,"CANDIDATE"
"K03123.01",,8197793,301.048130,44.037689,15.2311195,1.94,800.0,5836.00,1.1860,15.029,"CANDIDATE"
"K03040.01",,6357290,289.568020,41.771561,4.8099878,1.59,1077.0,5988.00,0.9340,15.667,"CANDIDATE"
"K03041.01",,4072955,295.462590,39.168480,5.08288076,1.15,1183.0,6217.00,1.0830,14.207,"CANDIDATE"
"K03042.01",,8695311,294.166440,44.886311,31.0259489,1.91,595.0,6075.00,0.9690,15.959,"CANDIDATE"
"K03043.01",,9834731,293.430790,46.692089,3.08942807,1.07,1361.0,6137.00,1.1030,14.829,"CANDIDATE"
"K03128.01",,7609674,292.479770,43.227024,21.2360024,2.62,1048.0,6035.00,2.5590,13.371,"CANDIDATE"
"K00396.01",,4252322,288.757810,39.350571,14.591504451,36.85,879.0,5940.00,1.3120,13.311,"CANDIDATE"
"K03050.01",,5475042,298.446470,40.624882,1.242639742,1.02,1487.0,5520.00,0.8180,15.330,"CANDIDATE"
"K03132.01",,9541295,297.329710,46.136089,0.536650319,1.35,3195.0,6020.00,2.0000,12.649,"CANDIDATE"
"K02971.01",,4770174,297.393710,39.829041,6.09595681,1.26,1259.0,6313.00,1.4670,12.742,"CANDIDATE"
"K02972.01",,8949925,290.734470,45.297791,13.2511214,1.98,850.0,5850.00,1.2170,15.085,"CANDIDATE"
"K03051.01",,9959492,295.199680,46.832321,11.682369,1.45,802.0,6089.00,0.8890,15.276,"CANDIDATE"
"K03052.01",,8827575,295.090270,45.081181,10.12956201,0.78,736.0,5383.00,0.8420,13.573,"CANDIDATE"
"K02976.01",,6438099,290.220670,41.868721,21.61313362,1.94,503.0,5267.00,0.6320,15.862,"CANDIDATE"
"K03142.01",,3752110,292.807220,38.884232,27.9430245,2.21,718.0,6468.00,1.2500,15.243,"CANDIDATE"
"K03145.02",,1717722,290.617980,37.289089,0.977311489,1.06,1331.0,4805.00,0.6880,15.689,"CANDIDATE"
"K03065.01",,5040077,298.539670,40.183659,0.896382269,1,1810.0,5837.00,0.8430,14.603,"CANDIDATE"
"K02984.01",,7918652,299.707000,43.622601,11.45541896,1.12,975.0,6231.00,1.3560,13.066,"CANDIDATE"
"K03429.04",,9230021,296.196140,45.634331,44.433726,1.85,538.0,5596.00,1.1450,15.364,"CANDIDATE"
"K03068.01",,3230805,290.260280,38.354988,3.91679553,0.85,851.0,4889.00,0.6860,14.976,"CANDIDATE"
"K03069.01",,4676964,297.039220,39.785259,43.1024434,1.88,539.0,5741.00,1.0970,14.914,"CANDIDATE"
"K02243.03",,4770617,297.477110,39.877239,31.4452709,4.55,721.0,6172.00,1.4710,14.806,"CANDIDATE"
"K02924.02",,7609553,292.440400,43.209431,8.85686712,1.88,714.0,5017.00,0.7970,14.589,"CANDIDATE"
"K00350.01",,11395587,287.861420,49.264462,12.99065074,2.02,790.0,5787.00,1.0270,13.387,"CANDIDATE"
"K02992.01",,8509442,296.737240,44.501480,82.6595174,2.03,233.0,3952.00,0.5530,15.995,"CANDIDATE"
"K03072.01",,3219643,286.761470,38.343510,24.3367026,1.95,526.0,5141.00,0.8060,15.581,"CANDIDATE"
"K03073.01",,8546542,285.748500,44.632462,7.40985182,1.18,818.0,5462.00,0.8360,14.449,"CANDIDATE"
"K02263.03",,8613535,286.971280,44.708302,15.5943758,1.08,801.0,6249.00,1.0760,14.456,"CANDIDATE"
"K02926.05",,10122538,283.336060,47.174541,75.731195,3.47,237.0,3891.00,0.5640,16.279,"CANDIDATE"
"K00353.01",,11566064,295.212680,49.562180,152.1060435,11.58,458.0,6200.00,1.6400,13.374,"CANDIDATE"
"K02264.02",,12256520,290.348510,50.902851,7.25101997,0.91,807.0,5382.00,0.8270,14.477,"CANDIDATE"
"K00298.02",,12785320,290.494260,52.055519,57.3840375,1.62,397.0,5250.00,0.7900,12.713,"CANDIDATE"
"K04146.02",,10000941,286.819370,46.911690,2.5738437,0.57,1129.0,5115.00,0.8540,13.632,"CANDIDATE"
"K03083.01",,7106173,287.978850,42.679359,10.18318233,0.79,867.0,5843.00,1.0840,12.857,"CANDIDATE"
"K03083.02",,7106173,287.978850,42.679359,6.2321233,0.61,1021.0,5843.00,1.0840,12.857,"CANDIDATE"
"K03083.03",,7106173,287.978850,42.679359,8.2942929,0.65,928.0,5843.00,1.0840,12.857,"CANDIDATE"
"K00522.01",,8265218,301.147890,44.104542,12.82993461,3.31,734.0,5862.00,0.8440,14.406,"CANDIDATE"
"K00422.01",,9214713,290.389830,45.665329,809.0141881,14.38,216.0,6230.00,1.0470,14.740,"CANDIDATE"
"K02298.03",,9334893,288.456050,45.802120,2.47240869,0.36,887.0,4729.00,0.5250,13.831,"CANDIDATE"
"K00525.01",,9119458,300.907780,45.457870,11.53029332,3.98,873.0,5770.00,1.1520,14.539,"CANDIDATE"
"K03091.02",,12406807,290.888310,51.248169,7.9069765,1.13,994.0,6347.00,0.9960,15.372,"CANDIDATE"
"K04288.04",,4548011,287.371250,39.603569,13.9509565,0.75,849.0,5888.00,1.2270,12.400,"CANDIDATE"
"K00426.01",,10016874,294.022980,46.999550,16.30141333,3.84,805.0,6072.00,1.1380,14.733,"CANDIDATE"
"K00531.01",,10395543,287.691190,47.546902,3.687469832,5.78,690.0,4004.00,0.6060,14.418,"CANDIDATE"
"K04260.04",,7429287,286.395840,43.075821,84.799829,1.16,491.0,5619.00,1.4060,11.443,"CANDIDATE"
"K00430.02",,10717241,285.485050,48.054321,9.340538,0.84,530.0,4200.00,0.6070,14.897,"CANDIDATE"
"K00317.02",,8121310,298.816380,43.998039,11.505879,0.99,1000.0,6336.00,1.4030,12.885,"CANDIDATE"
"K00435.02",,11709124,289.780520,49.896530,934.09418462,7.89,177.0,5937.00,0.8320,14.534,"CANDIDATE"
"K00436.01",,11805075,286.656890,50.021568,199.83920527,21.48,276.0,5457.00,0.8690,14.740,"CANDIDATE"
"K00437.01",,11824222,296.618590,50.022011,15.84132627,16.84,575.0,5119.00,0.7020,14.497,"CANDIDATE"
"K01613.03",,6268648,285.476590,41.632717,20.605501,0.85,806.0,6099.00,1.3080,11.049,"CANDIDATE"
"K02593.02",,8212002,281.835330,44.155918,9.5539134,0.68,1012.0,6175.00,1.3070,11.714,"CANDIDATE"
"K03209.02",,7017274,285.923220,42.549850,6.77067637,1.9,1499.0,6337.00,2.3350,11.915,"CANDIDATE"
"K00787.03",,12366084,295.816160,51.121738,0.589376952,0.93,2162.0,5714.00,1.0150,15.367,"CANDIDATE"
"K01815.02",,9872283,281.457180,46.746471,1.74610057,1.24,1689.0,4854.00,1.7490,13.884,"CANDIDATE"
"K00501.01",,4951877,298.473210,40.075871,24.7962801,2.7,664.0,5770.00,1.1410,14.612,"CANDIDATE"
"K03226.02",,5544450,294.897340,40.798168,6.93650854,1.51,1305.0,6615.00,1.5740,12.209,"CANDIDATE"
"K01910.02",,8226050,289.192630,44.149319,18.3848331,1.15,587.0,5083.00,0.8720,14.685,"CANDIDATE"
"K02678.02",,6779260,292.388550,42.233261,2.2165905,0.48,1215.0,5397.00,0.8310,11.799,"CANDIDATE"
"K00554.01",,5443837,290.351140,40.687000,3.65849707,14.61,1583.0,5857.00,1.8220,14.545,"CANDIDATE"
"K01942.02",,2832589,286.006740,38.009541,2.433703498,1.66,1112.0,5251.00,0.7780,15.409,"CANDIDATE"
"K02871.04",,10793172,290.201630,48.185822,7.9788198,0.99,927.0,5553.00,1.0980,14.754,"CANDIDATE"
"K00331.02",,10285631,296.183440,47.358761,10.52286678,23.26,1008.0,5548.00,1.6140,13.497,"CANDIDATE"
"K00458.01",,7504328,282.882690,43.191952,53.71798494,155.12,1550.0,4959.00,21.4490,14.708,"CANDIDATE"
"K00075.01",,7199397,291.497220,42.728481,105.8817667,10.16,595.0,5903.00,2.4990,10.775,"CANDIDATE"
"K01083.02",,10157458,297.393190,47.164631,4.57797412,0.96,1024.0,5795.00,0.8480,15.302,"CANDIDATE"
"K02174.04",,8261920,300.242220,44.141399,3.01609637,0.96,795.0,4245.00,0.6370,15.673,"CANDIDATE"
"K02906.03",,6716545,297.944760,42.191879,21.9424316,1.23,797.0,6052.00,1.4240,13.716,"CANDIDATE"
"K07624.01",,1723078,291.868010,37.269878,330.025002,5.92,478.0,6126.00,3.4660,12.668,"CANDIDATE"
"K00466.01",,9008220,286.151980,45.332561,9.391039263,11.73,1068.0,5944.00,1.4980,14.663,"CANDIDATE"
"K00076.01",,9955262,293.541990,46.822140,77.4794704,10.33,778.0,6711.00,2.9090,10.143,"CANDIDATE"
"K04773.02",,7906892,296.843200,43.697441,11.1438086,0.75,906.0,6095.00,1.1100,13.556,"CANDIDATE"
"K04846.02",,8320630,298.282140,44.272060,32.526674,1.26,525.0,5668.00,0.8680,15.230,"CANDIDATE"
"K00469.01",,9703198,288.637850,46.421471,10.32906563,6.17,908.0,6228.00,1.0490,14.711,"CANDIDATE"
"K00415.01",,6289650,293.306060,41.606369,166.7876551,7.03,334.0,5663.00,1.0310,14.110,"CANDIDATE"
"K04896.02",,11135694,290.900420,48.746140,49.537365,1.48,532.0,6118.00,1.0230,15.451,"CANDIDATE"
"K04838.03",,8216763,284.268590,44.197540,24.0721647,1.1,400.0,4352.00,0.6130,15.073,"CANDIDATE"
"K00417.01",,6879865,296.249540,42.335480,19.193103549,12.23,656.0,5883.00,0.8920,14.847,"CANDIDATE"
"K05007.02",,3758499,294.367340,38.846889,80.881757,2.27,581.0,5934.00,1.8850,13.698,"CANDIDATE"
"K00080.01",,9552608,300.537570,46.104340,9.250572762,96.08,1966.0,8133.00,3.2940,11.310,"CANDIDATE"
"K00728.01",,10221013,296.642300,47.230331,7.189379172,11.94,1026.0,6214.00,1.0760,15.356,"CANDIDATE"
"K07628.01",,2299738,290.717250,37.649010,1.8134378,0.69,1158.0,5094.00,0.7000,13.961,"CANDIDATE"
"K00682.01",,7619236,295.198000,43.269508,562.1725914,10.9,241.0,5589.00,1.2890,13.916,"CANDIDATE"
"K00683.01",,7630229,297.824310,43.258381,278.1243979,5.86,286.0,5799.00,1.0500,13.714,"CANDIDATE"
"K00684.01",,7730747,281.290280,43.413342,4.034914368,6.95,1452.0,5548.00,1.7930,13.831,"CANDIDATE"
"K00686.01",,7906882,296.840760,43.647121,52.513548727,12.43,472.0,5589.00,0.9800,13.579,"CANDIDATE"
"K00687.01",,7976520,297.117130,43.711430,4.17838675,3.13,1430.0,5746.00,1.6870,13.813,"CANDIDATE"
"K07630.01",,2302997,291.454900,37.677120,16.2982201,0.78,388.0,3905.00,0.5210,14.709,"CANDIDATE"
"K00099.01",,8505215,295.434330,44.531120,2190.7010353,3.12,109.0,4965.00,0.7360,12.960,"CANDIDATE"
"K00732.02",,10265898,288.327910,47.381592,3.29534567,1.23,1139.0,5550.00,0.9540,15.342,"CANDIDATE"
"K00548.02",,12600735,289.500670,51.685730,6.0799457,0.86,1101.0,6008.00,1.1680,14.020,"CANDIDATE"
"K00734.02",,10272442,291.197300,47.307800,70.2780911,2.54,434.0,5955.00,0.9100,15.344,"CANDIDATE"
"K00100.01",,4055765,291.177920,39.199490,9.9664004,16.89,1578.0,6638.00,3.0790,12.598,"CANDIDATE"
"K00641.01",,5131180,299.299470,40.235069,14.85185526,2.73,457.0,4129.00,0.6520,13.583,"CANDIDATE"
"K07378.02",,10843431,282.370420,48.259289,56.391062,3.58,310.0,4406.00,0.6280,16.324,"CANDIDATE"
"K00735.01",,10287242,296.693360,47.392151,22.34213536,5.19,526.0,5237.00,0.7070,15.637,"CANDIDATE"
"K00648.01",,5596440,282.720670,40.899181,10.47490332,15.45,1567.0,6526.00,3.2320,13.220,"CANDIDATE"
"K04388.02",,9588822,292.134280,46.202419,61.858947,2.47,699.0,5529.00,2.8170,12.045,"CANDIDATE"
"K04577.02",,10610039,295.670900,47.830399,3.07365139,0.79,1215.0,6068.00,0.8310,14.894,"CANDIDATE"
"K07621.01",,1025986,291.033690,36.771042,275.07365,1.86,303.0,5604.00,1.1870,10.150,"CANDIDATE"
"K04622.02",,11284772,284.566890,49.012550,4.50158249,0.73,676.0,4339.00,0.5530,15.142,"CANDIDATE"
"K00605.02",,4832837,290.927310,39.914150,5.06546874,0.62,592.0,3939.00,0.5570,14.915,"CANDIDATE"
"K00607.01",,5441980,289.809080,40.615841,5.89399142,11.16,940.0,5713.00,0.8930,14.377,"CANDIDATE"
"K04692.02",,10972902,290.444760,48.462891,7.6720844,0.72,875.0,5972.00,0.8070,14.766,"CANDIDATE"
"K00611.01",,6309763,298.294040,41.683800,3.251659087,9.83,1384.0,6367.00,1.0870,14.022,"CANDIDATE"
"K04700.02",,9413156,295.361450,45.914841,66.47762,1.83,388.0,5515.00,0.7750,15.972,"CANDIDATE"
"K00716.01",,9846348,297.492160,46.694519,26.89316101,6.78,614.0,6096.00,0.9080,13.754,"CANDIDATE"
"K07636.01",,2696205,286.898410,37.937450,0.702739679,0.73,1765.0,5269.00,0.8360,14.990,"CANDIDATE"
"K00621.01",,12251650,287.460970,50.975071,17.761998411,14.25,538.0,5088.00,0.6690,14.762,"CANDIDATE"
"K00622.01",,12417486,295.880280,51.263790,155.042265,26.44,511.0,4994.00,3.3220,14.932,"CANDIDATE"
"K07638.01",,2834805,286.701450,38.042191,25.0032023,1.47,837.0,6148.00,1.6850,12.550,"CANDIDATE"
"K07634.01",,2569995,290.229250,37.840961,80.84069,15.11,500.0,5511.00,1.5970,17.187,"CANDIDATE"
"K07635.01",,2577353,291.780790,37.811508,60.458443,1.59,511.0,5865.00,1.1810,14.544,"CANDIDATE"
"K00626.02",,4478168,295.193390,39.539669,8.0292018,0.99,1040.0,6063.00,1.1910,13.490,"CANDIDATE"
"K04136.01",,7256914,281.823180,42.811169,2.41750021,1.19,1507.0,5575.00,1.3080,13.955,"CANDIDATE"
"K04136.02",,7256914,281.823180,42.811169,4.03357434,1.23,1270.0,5575.00,1.3080,13.955,"CANDIDATE"
"K02220.04",,6871071,294.137910,42.370499,7.66462913,1.6,1106.0,5640.00,1.5150,14.686,"CANDIDATE"
"K04144.01",,3112129,290.337190,38.205009,0.487656278,0.99,2299.0,5957.00,0.9370,14.374,"CANDIDATE"
"K04145.01",,3103212,287.759030,38.281551,3.25424652,0.96,1220.0,5692.00,1.0040,14.359,"CANDIDATE"
"K02220.05",,6871071,294.137910,42.370499,11.9294568,1.05,797.0,5975.00,0.9000,14.686,"CANDIDATE"
"K04149.01",,10875007,296.962100,48.256390,9.54699216,1.71,996.0,6274.00,1.2320,14.718,"CANDIDATE"
"K04149.02",,10875007,296.962100,48.256390,14.708641,1.82,862.0,6274.00,1.2320,14.718,"CANDIDATE"
"K00255.02",,7021681,287.858120,42.542629,13.6032081,0.75,397.0,3780.00,0.5110,15.108,"CANDIDATE"
"K04021.01",,11967788,294.034360,50.371651,7.23531329,1.53,1207.0,6422.00,1.4210,13.166,"CANDIDATE"
"K04152.01",,7199060,291.386020,42.709129,64.1862264,8,839.0,6951.00,2.7580,12.972,"CANDIDATE"
"K04021.02",,11967788,294.034360,50.371651,4.93211932,1.02,1372.0,6422.00,1.4210,13.166,"CANDIDATE"
"K04022.01",,7733731,283.128540,43.456860,4.85819429,2.04,1685.0,6109.00,2.3260,13.269,"CANDIDATE"
"K07644.01",,3110177,289.842860,38.237049,3.39904814,0.81,1191.0,5766.00,0.9290,14.803,"CANDIDATE"
"K07648.01",,3232249,290.686400,38.355598,1.183505016,0.8,1293.0,4832.00,0.7460,15.424,"CANDIDATE"
"K02357.02",,7449554,293.203770,43.057011,15.9042402,3.79,863.0,5583.00,1.5300,15.610,"CANDIDATE"
"K02193.02",,8282651,284.107790,44.245811,4.16288745,1.32,763.0,4478.00,0.6510,15.658,"CANDIDATE"
"K04097.02",,5688683,285.690000,40.994530,4.44902309,0.55,699.0,4353.00,0.6030,13.435,"CANDIDATE"
"K04098.01",,8222627,287.503750,44.167259,1.121733366,2.39,2384.0,5023.00,2.5710,13.875,"CANDIDATE"
"K07641.01",,2984990,290.324010,38.111111,3.79437277,1.36,1383.0,5455.00,1.5070,14.816,"CANDIDATE"
"K04105.01",,7758018,293.532530,43.406151,363.41165,3.14,263.0,6025.00,0.9990,15.445,"CANDIDATE"
"K04037.01",,8264402,300.945680,44.164688,215.956008,3.36,361.0,6163.00,1.3130,12.853,"CANDIDATE"
"K07645.01",,3129238,294.303500,38.203011,2.00870696,0.55,1232.0,5341.00,0.7590,12.334,"CANDIDATE"
"K04109.01",,7907808,297.083010,43.679951,0.655939788,1.48,2411.0,4968.00,1.7550,14.511,"CANDIDATE"
"K04120.01",,9700449,287.039520,46.481701,110.461746,1.93,420.0,6321.00,1.0580,15.092,"CANDIDATE"
"K04123.01",,6140059,296.356600,41.455391,44.6226725,1.73,613.0,6198.00,1.2390,13.519,"CANDIDATE"
"K07673.01",,3852872,292.138760,38.941540,80.769893,1.87,475.0,4965.00,1.7080,13.026,"CANDIDATE"
"K04060.01",,9086154,290.833890,45.435650,225.26213,2.36,329.0,5799.00,1.1910,13.841,"CANDIDATE"
"K04129.01",,11970988,295.529480,50.370399,2.31482311,0.69,1237.0,5240.00,0.9230,13.506,"CANDIDATE"
"K04341.01",,6792908,295.962590,42.200256,10.778313,1.25,1067.0,6726.00,1.2580,13.264,"CANDIDATE"
"K04345.01",,10534155,291.501220,47.747730,4.32710895,26.6,1397.0,5776.00,1.4550,13.404,"CANDIDATE"
"K02859.04",,10397751,288.831360,47.551991,2.90512019,0.57,1075.0,5374.00,0.7210,13.851,"CANDIDATE"
"K04410.01",,6350882,287.042360,41.752209,5.04404366,1.47,1078.0,6039.00,0.9510,15.744,"CANDIDATE"
"K04205.01",,3450040,293.054080,38.541790,1.166960319,0.88,1596.0,5632.00,0.9040,14.391,"CANDIDATE"
"K04207.01",,9456281,287.805020,46.001160,0.701944362,0.8,1227.0,4236.00,0.5390,15.397,"CANDIDATE"
"K04208.01",,5129453,298.985020,40.203709,3.05772668,1.23,878.0,4483.00,0.7310,15.745,"CANDIDATE"
"K04209.01",,7918478,299.666170,43.619469,9.9092109,2.35,693.0,5396.00,0.7020,15.960,"CANDIDATE"
"K04346.01",,9509343,282.760620,46.177841,6.39269778,1.21,890.0,5248.00,0.9430,14.930,"CANDIDATE"
"K02585.03",,7673841,288.660770,43.368080,7.87845756,0.78,989.0,5767.00,1.1350,13.455,"CANDIDATE"
"K02433.04",,11968463,294.338470,50.336540,27.9040511,2.19,677.0,6325.00,1.1120,15.212,"CANDIDATE"
"K04351.01",,5436161,287.759160,40.657040,0.644322147,24.39,1592.0,5136.00,0.6120,14.999,"CANDIDATE"
"K04353.01",,4571844,294.421260,39.628471,17.8075656,3.92,742.0,6194.00,0.9810,15.574,"CANDIDATE"
"K04418.01",,2859893,293.014890,38.012402,333.03842,3.19,247.0,5743.00,0.9030,15.954,"CANDIDATE"
"K02949.02",,6026737,285.875790,41.332432,3.75030469,0.87,1374.0,5866.00,1.3390,13.313,"CANDIDATE"
"K04419.01",,7582691,281.116460,43.282440,0.259819659,1.22,1559.0,3939.00,0.5260,15.174,"CANDIDATE"
"K04421.01",,9836563,294.124880,46.672890,4.72693131,0.61,1203.0,5950.00,1.1960,12.788,"CANDIDATE"
"K04212.02",,1724719,292.204710,37.221218,10.0989634,1.03,1016.0,6174.00,1.3180,13.960,"CANDIDATE"
"K04287.01",,11081504,290.458310,48.661369,13.12297275,1.29,1030.0,6134.00,1.6650,11.265,"CANDIDATE"
"K02590.02",,12016267,293.507020,50.450119,22.7909233,1.38,862.0,6311.00,1.6420,11.638,"CANDIDATE"
"K04357.01",,3550372,292.907710,38.683090,0.681180633,2.97,2782.0,4939.00,2.3770,15.069,"CANDIDATE"
"K04426.01",,8240790,294.450380,44.166779,369.13236,2.14,328.0,6282.00,1.4490,13.665,"CANDIDATE"
"K04288.02",,4548011,287.371250,39.603569,9.08745206,0.73,980.0,5888.00,1.2270,12.400,"CANDIDATE"
"K04358.01",,7191646,289.083130,42.704140,106.957467,2.4,394.0,6075.00,0.9690,15.716,"CANDIDATE"
"K04361.01",,7801070,282.163640,43.510132,75.8781344,3.39,417.0,5579.00,0.9720,15.183,"CANDIDATE"
"K04427.01",,4172805,295.117220,39.274090,147.661729,1.59,176.0,3788.00,0.4900,15.645,"CANDIDATE"
"K04428.01",,5126182,298.293400,40.239632,13.00291716,1.28,710.0,5796.00,0.8000,14.634,"CANDIDATE"
"K02972.02",,8949925,290.734470,45.297791,42.0292298,2.33,578.0,5850.00,1.2170,15.085,"CANDIDATE"
"K04430.01",,9642018,288.596830,46.326038,0.505111993,1.58,1886.0,5262.00,0.7830,15.544,"CANDIDATE"
"K04296.01",,7661893,282.636170,43.366100,2.49385348,0.59,1251.0,5615.00,0.8500,13.030,"CANDIDATE"
"K04363.01",,9776794,294.365140,46.501759,18.22211768,7.45,620.0,5162.00,0.9580,16.084,"CANDIDATE"
"K02722.05",,7673192,288.370240,43.354610,16.5340022,1.17,819.0,6052.00,1.2020,13.268,"CANDIDATE"
"K04442.01",,11124436,284.353120,48.740211,13.9482197,2.53,1063.0,5529.00,2.3460,14.305,"CANDIDATE"
"K04443.01",,5780855,288.567290,41.090130,5.67577999,1.22,1357.0,6681.00,1.4380,13.802,"CANDIDATE"
"K04226.01",,9491832,300.562410,46.037819,49.564693,1.63,588.0,5907.00,1.4420,12.830,"CANDIDATE"
"K04298.01",,2852941,291.543430,38.048759,2.89494709,1.16,1919.0,7087.00,1.6840,13.458,"CANDIDATE"
"K04366.01",,10647452,282.913970,47.970299,0.762950224,1,1651.0,5385.00,0.7310,15.556,"CANDIDATE"
"K04367.01",,4773392,298.033050,39.883179,170.995748,4.9,463.0,6127.00,1.9830,13.985,"CANDIDATE"
"K04431.01",,9936080,283.724270,46.879112,19.5650801,0.97,791.0,6180.00,1.2350,12.674,"CANDIDATE"
"K04302.01",,6290935,293.681270,41.611969,5.53312006,1.05,1303.0,6170.00,1.4250,13.591,"CANDIDATE"
"K04303.01",,12734396,288.909520,51.930561,200.721168,3.32,327.0,5566.00,1.1700,15.511,"CANDIDATE"
"K04435.01",,8278685,281.955690,44.261532,10.8614163,1.01,899.0,6339.00,1.0170,13.517,"CANDIDATE"
"K03004.02",,6103377,283.942440,41.471600,7.03965141,2.72,1171.0,5902.00,1.5130,14.935,"CANDIDATE"
"K07662.01",,3660581,295.144200,38.799831,4.72519164,3.98,2250.0,6655.00,3.8310,12.358,"CANDIDATE"
"K04235.01",,10794974,290.922700,48.180328,66.6434565,2.99,476.0,5751.00,1.1640,13.224,"CANDIDATE"
"K04307.01",,3558849,294.949830,38.605190,160.850075,3.41,413.0,5999.00,1.5070,14.218,"CANDIDATE"
"K02563.02",,5175024,288.095640,40.365971,6.2614227,0.81,1146.0,6384.00,1.1210,13.973,"CANDIDATE"
"K04374.01",,10991114,298.183410,48.443810,3.70386741,0.86,1012.0,5496.00,0.7760,14.108,"CANDIDATE"
"K04377.01",,4945764,297.160890,40.042858,19.8751355,2.49,1061.0,6918.00,2.0040,13.543,"CANDIDATE"
"K03043.02",,9834731,293.430790,46.692089,7.2929891,0.73,904.0,5959.00,0.8560,14.829,"CANDIDATE"
"K04242.01",,9514372,285.660060,46.143471,145.786556,1.82,331.0,5578.00,0.9500,14.410,"CANDIDATE"
"K07668.01",,3762750,295.372040,38.897739,2.5093344,1.47,1483.0,6278.00,1.0810,15.588,"CANDIDATE"
"K02732.04",,9886361,289.921450,46.744560,24.5607107,1.13,787.0,6170.00,1.4990,12.805,"CANDIDATE"
"K04245.01",,12737015,290.480070,51.965012,24.6683831,1.76,788.0,6059.00,1.5540,13.572,"CANDIDATE"
"K04247.01",,8482059,285.853150,44.572220,349.41047,2.41,253.0,5878.00,0.9450,15.346,"CANDIDATE"
"K04318.01",,9286088,293.938320,45.719021,14.8162925,1.57,912.0,6356.00,1.3250,12.583,"CANDIDATE"
"K04382.02",,6937529,288.163970,42.481079,3.98167088,0.79,1356.0,6484.00,1.1730,14.144,"CANDIDATE"
"K04178.01",,5197233,294.635160,40.322128,7.016016,1.72,1138.0,6642.00,1.1360,14.404,"CANDIDATE"
"K00566.03",,7119481,292.316010,42.626251,42.068554,1.32,541.0,6122.00,0.9640,14.718,"CANDIDATE"
"K04251.01",,8741470,286.353390,44.961182,6.23968392,1.55,1060.0,5751.00,1.1430,13.795,"CANDIDATE"
"K04389.01",,2997459,293.130980,38.159679,16.3368863,1.27,642.0,5410.00,0.8590,15.050,"CANDIDATE"
"K04390.01",,8330207,300.924840,44.249680,1.63668262,103.99,2562.0,5234.00,3.7390,16.494,"CANDIDATE"
"K02744.02",,5881813,293.527560,41.111439,11.615625,2.84,905.0,5332.00,1.4530,15.162,"CANDIDATE"
"K04253.01",,9202434,283.725520,45.676849,173.2578372,117.29,376.0,6392.00,1.1620,14.201,"CANDIDATE"
"K04257.01",,7901016,295.133300,43.631432,41.6757509,2.1,690.0,5745.00,1.7630,13.340,"CANDIDATE"
"K04323.01",,5385410,297.581940,40.531300,11.49589567,1.59,1057.0,6290.00,1.5060,13.582,"CANDIDATE"
"K04325.01",,7749002,290.391720,43.440338,0.609926502,1.12,2141.0,5936.00,0.9650,15.682,"CANDIDATE"
"K07670.01",,3848083,290.815890,38.970921,8.4795266,1.18,865.0,5841.00,0.9310,15.994,"CANDIDATE"
"K04391.01",,6359926,290.395050,41.781570,49.4746966,1.62,498.0,5952.00,0.9280,14.955,"CANDIDATE"
"K04393.01",,8324518,299.276580,44.291981,1.62888267,0.92,1327.0,5398.00,0.8110,15.295,"CANDIDATE"
"K04395.01",,3103473,287.840000,38.255489,1.920062587,1.12,1189.0,5266.00,0.7410,15.686,"CANDIDATE"
"K04259.01",,5785279,290.012450,41.089989,0.909127736,0.98,1818.0,5486.00,0.9960,15.195,"CANDIDATE"
"K02579.03",,9896018,293.988710,46.718021,10.30148508,1.6,934.0,5887.00,1.2350,15.147,"CANDIDATE"
"K04329.01",,12456063,289.011780,51.376019,17.8007815,1.02,816.0,6240.00,1.2520,12.018,"CANDIDATE"
"K04331.01",,5096053,290.813660,40.254875,1.717859841,1.45,2212.0,6694.00,1.7320,13.228,"CANDIDATE"
"K04398.01",,5802637,295.211270,41.086971,7.3422467,1.6,837.0,5573.00,0.8390,15.486,"CANDIDATE"
"K00647.02",,5531694,291.195070,40.702702,8.1134681,0.92,1127.0,6011.00,1.4090,13.550,"CANDIDATE"
"K02420.02",,7107802,288.588350,42.605659,5.4675514,1.07,1078.0,5557.00,1.1510,14.746,"CANDIDATE"
"K04264.01",,12509829,291.061680,51.404781,0.888478095,1.51,1665.0,5553.00,0.8060,15.850,"CANDIDATE"
"K04333.01",,2576962,291.700500,37.843731,309.25581,2.18,287.0,6060.00,1.0570,14.205,"CANDIDATE"
"K04334.01",,10140274,291.518190,47.139301,2.44232399,1.1,1029.0,4849.00,0.7380,15.849,"CANDIDATE"
"K04399.01",,8345384,282.128880,44.303162,42.1003351,1.42,466.0,5595.00,0.8200,11.965,"CANDIDATE"
"K04198.01",,9072639,283.852910,45.485260,1.182862515,1.26,2800.0,6017.00,2.6390,12.638,"CANDIDATE"
"K04269.02",,8890924,293.796840,45.160728,4.4408541,1.74,1642.0,5159.00,3.0620,13.263,"CANDIDATE"
"K07679.01",,4054784,290.884860,39.115921,1.8679943,0.7,1291.0,5487.00,0.8150,14.185,"CANDIDATE"
"K04405.01",,10745365,296.896000,48.047260,8.9172863,1.39,931.0,6210.00,0.9860,14.671,"CANDIDATE"
"K04407.01",,8396660,301.156560,44.379532,1.33807075,0.6,2008.0,6355.00,1.3190,11.179,"CANDIDATE"
"K04273.01",,9716028,294.209840,46.479969,17.3731821,1.31,901.0,6180.00,1.5400,12.677,"CANDIDATE"
"K04274.01",,6223324,296.811580,41.515690,1.97507424,1.08,1477.0,6065.00,0.9470,15.276,"CANDIDATE"
"K04691.01",,9773980,293.280150,46.560089,3.3879165,1.09,1336.0,5702.00,1.2450,14.491,"CANDIDATE"
"K04480.01",,10467714,290.776550,47.648430,58.7488629,1.75,425.0,5574.00,0.8050,14.122,"CANDIDATE"
"K07685.01",,4141593,286.773130,39.277531,64.740274,1.35,518.0,5999.00,1.1770,13.219,"CANDIDATE"
"K04482.01",,7778427,299.095370,43.439098,5.38299284,0.78,1253.0,6256.00,1.2930,12.642,"CANDIDATE"
"K04549.01",,6523058,292.026210,41.984119,2.0481582,1.16,1346.0,5799.00,0.8600,15.980,"CANDIDATE"
"K04551.01",,11769689,295.092010,49.940079,14.7179342,1.25,784.0,6102.00,1.0180,14.654,"CANDIDATE"
"K04694.01",,9457948,288.708590,46.018188,19.2527652,1.24,740.0,6258.00,1.0460,14.851,"CANDIDATE"
"K07680.01",,4072271,295.315120,39.141048,219.20579,2.66,456.0,6990.00,1.7850,12.449,"CANDIDATE"
"K04487.01",,8098212,292.028290,43.946362,3.48754109,0.72,988.0,5252.00,0.7830,14.371,"CANDIDATE"
"K04554.01",,6369131,293.434780,41.716881,8.0772455,2.61,1228.0,5684.00,2.0320,14.579,"CANDIDATE"
"K04555.01",,7820699,291.220430,43.574268,364.08733,1.39,211.0,5376.00,0.7270,14.816,"CANDIDATE"
"K04557.01",,10257229,283.704710,47.385288,5.75651958,0.83,1089.0,6208.00,1.0240,13.666,"CANDIDATE"
"K04626.01",,3539231,289.904170,38.651371,91.95723,2.66,497.0,5854.00,1.5280,14.876,"CANDIDATE"
"K04627.01",,6311891,298.758360,41.631031,7.51731745,1.19,861.0,5525.00,0.9230,15.029,"CANDIDATE"
"K04630.01",,7834045,295.597350,43.596401,44.6966177,2.46,637.0,5929.00,1.5180,14.875,"CANDIDATE"
"K04698.01",,10663738,291.127440,47.938801,8.5275894,1.28,1049.0,6469.00,1.1930,14.765,"CANDIDATE"
"K04699.01",,7891294,291.887970,43.649811,3.07714195,1.08,1493.0,6108.00,1.3360,12.889,"CANDIDATE"
"K04700.01",,9413156,295.361450,45.914841,3.83488354,1.2,1003.0,5515.00,0.7750,15.972,"CANDIDATE"
"K04558.01",,5431027,285.595430,40.679722,8.8233996,1.13,929.0,5602.00,1.1210,14.598,"CANDIDATE"
"K04632.01",,6070337,299.013120,41.329311,40.0691482,13.25,458.0,5485.00,0.7620,15.618,"CANDIDATE"
"K04633.01",,5954001,289.779540,41.214409,11.6933447,1.12,950.0,6049.00,1.3540,13.848,"CANDIDATE"
"K04634.01",,8196226,300.649600,44.055740,4.02745396,0.98,1250.0,6174.00,1.0410,13.685,"CANDIDATE"
"K03196.01",,9002538,283.350460,45.339111,4.96061094,0.59,1272.0,6117.00,1.2980,11.525,"CANDIDATE"
"K04705.01",,5642688,297.602360,40.803219,1.4733245,1.03,1576.0,5751.00,0.9210,15.078,"CANDIDATE"
"K04495.01",,5552562,296.774140,40.793282,5.93218209,1.39,1000.0,5843.00,0.9770,15.466,"CANDIDATE"
"K04496.01",,6186182,284.682920,41.592411,96.384483,2.41,400.0,5919.00,1.0000,15.602,"CANDIDATE"
"K07681.01",,4073017,295.473820,39.124561,6.05552018,0.92,844.0,5352.00,0.8050,14.772,"CANDIDATE"
"K04563.01",,10585749,285.159420,47.882740,54.333582,1.7,513.0,5500.00,1.2210,14.487,"CANDIDATE"
"K03165.01",,9579208,287.637600,46.204411,4.11754421,1.02,1581.0,6263.00,1.7260,10.335,"CANDIDATE"
"K04636.01",,9773270,292.985170,46.506569,122.749053,6.13,348.0,5619.00,0.9760,15.511,"CANDIDATE"
"K04637.01",,9457728,288.599670,46.031712,4.37992345,0.81,1608.0,6311.00,1.9180,10.438,"CANDIDATE"
"K04709.01",,2303903,291.642940,37.632408,3.70858595,1.33,995.0,5420.00,0.7710,15.947,"CANDIDATE"
"K04710.01",,9278216,290.737700,45.725368,9.4527721,1.3,832.0,5973.00,0.8570,15.580,"CANDIDATE"
"K04711.01",,8355131,287.507660,44.314240,4.3638313,1.08,976.0,5623.00,0.7630,15.642,"CANDIDATE"
"K04497.01",,12645057,289.266970,51.751221,6.83006228,1.09,882.0,5807.00,0.8000,15.170,"CANDIDATE"
"K04498.01",,4844367,294.221340,39.989521,17.1622587,22.42,674.0,5729.00,0.9390,14.841,"CANDIDATE"
"K04499.01",,10937749,298.782780,48.312809,5.19898615,1.04,1035.0,6058.00,0.8670,14.652,"CANDIDATE"
"K04567.01",,8332521,301.562840,44.240391,14.74426,8.1,784.0,6146.00,0.9870,13.775,"CANDIDATE"
"K04570.01",,4060229,292.356050,39.119450,35.0175053,2.13,617.0,5944.00,1.1230,14.638,"CANDIDATE"
"K03197.01",,8443527,296.290560,44.423260,22.599501,0.96,734.0,6335.00,1.0870,11.531,"CANDIDATE"
"K04503.01",,10907132,284.613400,48.373470,5.89089509,1.54,985.0,5869.00,0.9420,15.683,"CANDIDATE"
"K04504.01",,6520753,291.294100,41.912830,4.13029832,1.44,995.0,5490.00,0.8100,15.956,"CANDIDATE"
"K04575.01",,9893468,292.936430,46.753021,201.325036,1.98,410.0,6120.00,1.6990,13.174,"CANDIDATE"
"K04643.01",,11655826,288.448390,49.714031,5.59346375,1.43,1008.0,5874.00,0.9330,15.308,"CANDIDATE"
"K04644.01",,1721157,291.457340,37.206841,3.44928111,1.23,966.0,5119.00,0.7810,15.144,"CANDIDATE"
"K04647.01",,9947653,290.259310,46.885109,37.9043889,1.97,693.0,5303.00,1.9640,13.726,"CANDIDATE"
"K03196.02",,9002538,283.350460,45.339111,6.88297756,0.77,1141.0,6117.00,1.2980,11.525,"CANDIDATE"
"K04713.01",,5253802,283.838840,40.421974,8.7963166,1.36,882.0,5780.00,1.0000,13.641,"CANDIDATE"
"K04714.01",,12554634,289.181490,51.562538,2.049602348,1.08,1203.0,5356.00,0.7800,15.277,"CANDIDATE"
"K04715.01",,6264750,283.572690,41.695728,53.285584,1.44,537.0,6015.00,1.0570,13.980,"CANDIDATE"
"K04716.01",,11290515,288.344880,49.021938,5.8943338,0.61,1092.0,5929.00,1.1450,12.322,"CANDIDATE"
"K04504.02",,6520753,291.294100,41.912830,8.119343,1.5,794.0,5490.00,0.8100,15.956,"CANDIDATE"
"K04505.01",,8493354,291.099430,44.545689,18.0071438,1.05,799.0,6173.00,1.1670,13.615,"CANDIDATE"
"K04508.01",,5457326,294.373500,40.651440,2.49915311,1.02,983.0,4705.00,0.7200,15.352,"CANDIDATE"
"K04577.01",,10610039,295.670900,47.830399,105.997107,1.83,373.0,6068.00,0.8310,14.894,"CANDIDATE"
"K04580.01",,8628761,293.373810,44.727982,6.30432354,1.23,1510.0,6728.00,1.8360,13.010,"CANDIDATE"
"K04649.01",,4750669,292.966610,39.899639,3.38419892,1.2,1074.0,5613.00,0.7950,15.446,"CANDIDATE"
"K04651.01",,6717252,298.087160,42.164349,1.19260017,0.77,1726.0,5600.00,1.0130,13.818,"CANDIDATE"
"K04717.01",,4902202,283.693510,40.018021,216.456055,3.61,320.0,5645.00,1.1550,15.580,"CANDIDATE"
"K04509.01",,11350118,291.695160,49.187859,12.003678,0.97,503.0,4328.00,0.5940,15.675,"CANDIDATE"
"K04581.01",,2572029,290.608060,37.801891,6.0059966,0.73,1130.0,6103.00,1.1600,13.549,"CANDIDATE"
"K04582.01",,7905106,296.336880,43.600090,4.22426989,0.35,1069.0,5735.00,0.8830,11.756,"CANDIDATE"
"K04583.01",,9007151,285.668430,45.374771,330.906041,2.05,225.0,5461.00,0.7690,15.770,"CANDIDATE"
"K03168.01",,4450844,287.314850,39.538181,56.3479517,1.06,586.0,5843.00,1.4710,10.455,"CANDIDATE"
"K04653.01",,11181260,286.560330,48.893051,19.9778599,1.07,773.0,6392.00,1.1620,13.520,"CANDIDATE"
"K04655.01",,2558163,287.065340,37.899479,17.543847,1.15,658.0,5957.00,0.7910,15.388,"CANDIDATE"
"K04656.01",,8107611,295.241910,43.972599,3.8183717,1.39,1683.0,6738.00,1.6920,13.821,"CANDIDATE"
"K04730.01",,8752940,291.588750,44.907509,9.07829171,3.69,984.0,5086.00,1.6110,14.383,"CANDIDATE"
"K07693.01",,4384909,296.221680,39.405762,6.41097179,1.4,886.0,5383.00,0.9330,15.631,"CANDIDATE"
"K04586.01",,11506654,291.517580,49.434620,75.2116373,2.83,516.0,5818.00,1.5000,14.390,"CANDIDATE"
"K04587.01",,5687700,285.224150,40.958931,6.36283414,1.12,956.0,5955.00,0.8830,15.567,"CANDIDATE"
"K04588.01",,8806985,286.513550,45.038044,7.53737498,0.93,1210.0,6483.00,1.4360,12.912,"CANDIDATE"
"K04657.01",,6527078,293.292790,41.997589,7.57600886,0.54,778.0,5361.00,0.7740,13.241,"CANDIDATE"
"K04451.01",,10120548,282.195650,47.105679,8.8303681,1.32,676.0,5051.00,0.7060,15.945,"CANDIDATE"
"K04452.01",,4474462,294.300990,39.519058,12.85755895,1.23,860.0,5860.00,1.1560,13.821,"CANDIDATE"
"K07685.02",,4141593,286.773130,39.277531,33.502923,1.08,645.0,5999.00,1.1770,13.219,"CANDIDATE"
"K04519.01",,10003058,288.010130,46.978519,148.568877,5.97,555.0,5814.00,2.9850,14.744,"CANDIDATE"
"K04520.01",,9031703,295.214260,45.324509,9.3335486,1.69,1082.0,5354.00,1.8630,14.276,"CANDIDATE"
"K04590.01",,12204137,288.870820,50.815559,9.54060855,1.75,735.0,5271.00,0.8310,15.836,"CANDIDATE"
"K04591.01",,5389956,298.542570,40.514790,1.80926734,0.89,1444.0,5897.00,0.8910,15.186,"CANDIDATE"
"K00750.02",,10662202,290.465120,47.929180,5.04413987,1.18,862.0,4954.00,0.8280,15.377,"CANDIDATE"
"K07676.01",,3934657,284.734740,39.045361,5.3694084,0.62,974.0,5753.00,0.8690,13.786,"CANDIDATE"
"K04663.01",,7515336,287.670590,43.197239,5.65690281,0.74,1159.0,5687.00,1.3200,12.715,"CANDIDATE"
"K04456.01",,3557560,294.671260,38.698971,7.4299322,1.81,1024.0,5635.00,1.2520,15.128,"CANDIDATE"
"K04457.01",,12109267,290.512420,50.649288,79.334347,1.56,500.0,6384.00,1.1500,13.815,"CANDIDATE"
"K04523.01",,8700895,296.044250,44.805290,5.68251605,1.03,1090.0,5753.00,1.1570,14.878,"CANDIDATE"
"K04524.02",,5003670,289.548400,40.164200,4.52628739,1.02,1089.0,5700.00,1.0060,14.955,"CANDIDATE"
"K04595.01",,12265786,295.414790,50.979012,0.597018404,1.09,1578.0,4985.00,0.6300,15.509,"CANDIDATE"
"K04597.01",,10873178,296.360900,48.213001,4.82025124,0.78,1018.0,6035.00,0.7770,14.639,"CANDIDATE"
"K04666.01",,11337012,284.041720,49.138199,12.4019263,1.49,713.0,5555.00,0.8320,15.355,"CANDIDATE"
"K04667.01",,8359569,289.635350,44.379711,152.823896,2.45,395.0,6452.00,1.1370,15.408,"CANDIDATE"
"K04670.01",,9837828,294.580660,46.610592,6.80899076,89.29,795.0,4992.00,0.8540,16.303,"CANDIDATE"
"K03061.02",,4857058,297.042080,39.912231,77.915425,1.17,367.0,5135.00,0.8740,14.316,"CANDIDATE"
"K04460.01",,9947389,290.147250,46.802872,284.727213,2.02,278.0,5497.00,1.0800,14.636,"CANDIDATE"
"K04526.01",,3765917,295.968930,38.867168,30.5392931,2.72,669.0,5803.00,1.3280,15.271,"CANDIDATE"
"K04528.01",,7833305,295.374760,43.500431,8.31224474,10.63,801.0,5421.00,0.8160,13.019,"CANDIDATE"
"K04530.01",,12647577,290.734340,51.770962,12.6362048,1.1,774.0,5772.00,0.9920,14.241,"CANDIDATE"
"K07687.01",,4252671,288.869080,39.309860,23.266633,2.66,1156.0,5758.00,3.7750,13.047,"CANDIDATE"
"K04601.01",,11153476,298.434780,48.706139,7.94004281,0.98,1010.0,6278.00,1.0810,13.757,"CANDIDATE"
"K04602.01",,6144039,297.232730,41.433411,2.85855049,1.23,1212.0,5441.00,0.9640,14.636,"CANDIDATE"
"K03190.01",,5985713,298.268160,41.251663,8.95294046,0.86,1012.0,6047.00,1.2070,11.458,"CANDIDATE"
"K04674.01",,6839010,282.582820,42.346352,4.84350003,0.9,1121.0,5762.00,1.0560,13.590,"CANDIDATE"
"K04462.01",,9775385,293.852940,46.590809,45.163025,2.35,886.0,7675.00,2.0150,11.069,"CANDIDATE"
"K04463.01",,6197344,289.414280,41.510040,36.7614011,1.52,475.0,5305.00,0.8230,15.598,"CANDIDATE"
"K04464.01",,11357664,295.306520,49.179668,4.373570433,1.23,727.0,4362.00,0.6400,15.194,"CANDIDATE"
"K04466.01",,7272132,288.638610,42.857288,154.674369,2.29,371.0,6338.00,1.0020,15.015,"CANDIDATE"
"K04603.01",,8430053,291.539220,44.447060,15.9513866,1.17,849.0,6451.00,1.1680,13.629,"CANDIDATE"
"K04605.01",,12458605,290.423070,51.388729,7.7859111,0.68,939.0,6045.00,0.9540,13.515,"CANDIDATE"
"K04676.01",,4953173,298.743350,40.072140,31.183688,3.21,876.0,5947.00,2.4070,13.931,"CANDIDATE"
"K04467.01",,5352640,288.725980,40.531631,2.94242323,1.42,1098.0,5436.00,0.8190,15.907,"CANDIDATE"
"K07678.01",,4048898,289.248840,39.106541,13.0914878,0.79,892.0,5919.00,1.2880,11.993,"CANDIDATE"
"K04680.01",,4587135,297.599640,39.626339,54.0812235,1.54,431.0,5757.00,0.7620,15.487,"CANDIDATE"
"K04541.01",,5511659,283.251190,40.723110,8.5291223,2.08,911.0,5543.00,1.1110,15.377,"CANDIDATE"
"K04614.01",,7583650,281.730870,43.282341,6.4546845,1.38,1244.0,6474.00,1.3620,13.784,"CANDIDATE"
"K04685.01",,3867794,295.737730,38.903912,0.494247662,1.51,2257.0,5763.00,0.9980,15.666,"CANDIDATE"
"K04686.01",,5819801,298.905760,41.042610,11.8299383,1.6,1177.0,5747.00,2.4310,12.327,"CANDIDATE"
"K04477.01",,6276791,289.104220,41.690140,5.30179786,1.22,973.0,5749.00,0.8640,15.466,"CANDIDATE"
"K04545.01",,10140122,291.458130,47.158630,0.849362238,0.85,1498.0,4973.00,0.7880,15.357,"CANDIDATE"
"K04546.01",,5033823,297.273250,40.136761,0.741768294,72.36,3380.0,5897.00,3.1470,13.469,"CANDIDATE"
"K04548.01",,3223433,288.125550,38.347431,61.083322,1.61,465.0,5803.00,1.0150,14.748,"CANDIDATE"
"K04904.01",,8803757,284.727970,45.064968,3.5944891,0.98,1178.0,5523.00,1.0460,15.033,"CANDIDATE"
"K04906.01",,9479306,297.056640,46.083530,4.8608059,1.21,925.0,5541.00,0.7570,15.933,"CANDIDATE"
"K04907.01",,5437762,288.397610,40.626900,4.04481159,0.67,1325.0,6358.00,1.1410,13.778,"CANDIDATE"
"K07712.01",,4996057,286.693180,40.170109,4.8302364,1.06,1453.0,5086.00,2.2470,11.994,"CANDIDATE"
"K04763.01",,8349399,284.382480,44.308231,56.446465,1.57,522.0,5995.00,1.1170,14.046,"CANDIDATE"
"K04764.01",,6043562,292.186460,41.328041,31.4202111,1.45,471.0,5269.00,0.7480,15.809,"CANDIDATE"
"K04766.01",,4919550,290.467560,40.056438,5.56676609,1.12,859.0,5032.00,0.8590,15.223,"CANDIDATE"
"K04837.01",,5645170,298.121670,40.813580,5.38613715,0.86,846.0,5516.00,0.6560,15.347,"CANDIDATE"
"K04838.01",,8216763,284.268590,44.197540,13.2965044,0.88,488.0,4352.00,0.6130,15.073,"CANDIDATE"
"K04839.01",,9110610,298.409580,45.461639,21.8420304,2.01,1016.0,6194.00,2.2410,13.547,"CANDIDATE"
"K04912.01",,5208962,297.191990,40.387951,0.876850385,1.35,2543.0,6102.00,1.7560,14.878,"CANDIDATE"
"K07703.01",,4742188,290.387210,39.829941,413.51856,1.96,254.0,6031.00,0.9920,15.106,"CANDIDATE"
"K03301.01",,8301878,292.629640,44.283119,20.7106368,1.12,626.0,5631.00,0.9010,14.180,"CANDIDATE"
"K04768.01",,10221505,296.789340,47.234531,3.43633133,1.44,945.0,5201.00,0.6510,15.710,"CANDIDATE"
"K04771.01",,11658036,289.680730,49.745831,142.703888,1.95,440.0,6701.00,1.2890,13.964,"CANDIDATE"
"K04772.01",,8397947,301.578550,44.312180,3.38080537,1.69,1362.0,6072.00,1.1930,15.514,"CANDIDATE"
"K04840.01",,6665860,282.093140,42.160271,10.4716194,1.74,1035.0,5812.00,1.5740,14.486,"CANDIDATE"
"K04913.01",,5769810,283.678800,41.096882,6.78788113,2.44,1679.0,6537.00,2.8290,13.360,"CANDIDATE"
"K04914.01",,12071754,296.400940,50.558338,5.47455167,1.4,1155.0,5611.00,1.3120,14.211,"CANDIDATE"
"K03224.01",,10384298,281.327450,47.584869,3.43861067,1.01,1348.0,5383.00,1.4010,12.192,"CANDIDATE"
"K03225.01",,3109550,289.671750,38.297871,4.8754765,0.8,1180.0,5513.00,1.2860,12.207,"CANDIDATE"
"K03307.01",,6131130,294.136260,41.456692,10.5071781,1.41,737.0,5290.00,0.8650,15.654,"CANDIDATE"
"K07704.01",,4742452,290.460880,39.837212,5.4398033,1,1112.0,6108.00,1.0800,14.829,"CANDIDATE"
"K04773.01",,7906892,296.843200,43.697441,8.8493948,0.82,978.0,6095.00,1.1100,13.556,"CANDIDATE"
"K04774.01",,4277304,295.122380,39.391033,51.567801,1.3,433.0,5285.00,0.8760,13.882,"CANDIDATE"
"K04775.01",,8626325,292.403230,44.782009,16.4491515,2.75,1036.0,5334.00,2.7890,12.999,"CANDIDATE"
"K04844.01",,3098605,286.147770,38.241798,0.428046051,0.87,2017.0,5285.00,0.7750,15.247,"CANDIDATE"
"K04846.01",,8320630,298.282140,44.272060,19.254536,1.32,625.0,5668.00,0.8680,15.230,"CANDIDATE"
"K04848.01",,9005321,284.767640,45.341228,384.6961,1.78,157.0,4228.00,0.6230,15.677,"CANDIDATE"
"K03309.01",,5563300,298.968290,40.797352,71.05457555,5.91,390.0,5290.00,0.8650,14.710,"CANDIDATE"
"K03310.01",,12253769,288.804570,50.990620,20.5512722,1.64,607.0,5401.00,0.9180,13.550,"CANDIDATE"
"K04776.01",,8054719,299.349550,43.850300,7.5861587,1.07,928.0,5934.00,0.8710,14.840,"CANDIDATE"
"K07706.01",,4762283,295.792510,39.892570,42.049523793,1.19,303.0,4281.00,0.4800,15.263,"CANDIDATE"
"K04780.01",,3849187,291.135740,38.905430,6.60180003,1.25,875.0,5591.00,0.8600,15.414,"CANDIDATE"
"K04849.01",,2976017,287.817290,38.194809,3.19938075,0.62,1026.0,5483.00,0.7020,14.261,"CANDIDATE"
"K04850.01",,6786224,294.333280,42.264130,3.04185157,0.71,1184.0,5802.00,0.8570,14.147,"CANDIDATE"
"K04852.01",,11072016,284.942260,48.666512,1.89873195,0.93,1524.0,5942.00,1.0500,14.457,"CANDIDATE"
"K01101.02",,3245969,294.115660,38.393478,11.39110963,1.9,632.0,4999.00,0.7600,15.681,"CANDIDATE"
"K03236.01",,7902003,295.439150,43.676311,7.13044117,1.18,1400.0,6312.00,2.0740,12.310,"CANDIDATE"
"K03312.01",,11905409,286.502110,50.246189,18.0939004,1.91,665.0,5904.00,0.8670,15.739,"CANDIDATE"
"K03313.01",,9571186,283.047640,46.265331,34.9524256,21.74,429.0,4921.00,0.7790,14.767,"CANDIDATE"
"K03206.01",,5612697,289.574620,40.807594,15.1516409,1.38,736.0,5780.00,1.0000,11.843,"CANDIDATE"
"K04782.01",,8973285,297.948700,45.255039,7.4213444,1.73,953.0,6032.00,0.9730,15.850,"CANDIDATE"
"K04853.01",,3758922,294.478760,38.883659,17.7412303,1.14,684.0,5817.00,0.9560,14.641,"CANDIDATE"
"K04854.01",,8360041,289.808040,44.362518,2.63527677,0.76,1136.0,5215.00,0.8640,14.342,"CANDIDATE"
"K04856.01",,9782748,296.521450,46.540539,147.388124,3.03,356.0,6046.00,1.0070,15.817,"CANDIDATE"
"K04857.01",,2860656,293.175780,38.042019,4.11497357,1.17,1137.0,6011.00,0.9270,15.392,"CANDIDATE"
"K04859.01",,7094944,283.062230,42.629002,7.5019743,1.19,709.0,4807.00,0.7580,15.562,"CANDIDATE"
"K04861.01",,6425597,285.099760,41.874378,29.1206519,1.6,528.0,5671.00,0.7880,15.536,"CANDIDATE"
"K03248.01",,10917433,290.465090,48.332249,6.91261536,0.64,981.0,5761.00,1.0440,12.419,"CANDIDATE"
"K07715.01",,5091479,289.443240,40.253529,25.8616058,1.12,613.0,6067.00,0.8840,15.183,"CANDIDATE"
"K01404.02",,8874090,287.054530,45.180370,18.9060921,0.87,336.0,3751.00,0.4500,15.931,"CANDIDATE"
"K03318.02",,8331612,301.278690,44.250530,25.6970688,3.83,658.0,6020.00,1.0570,15.842,"CANDIDATE"
"K04790.01",,8328916,300.585020,44.213100,6.07855,1.14,1115.0,6119.00,1.1140,14.458,"CANDIDATE"
"K03208.01",,10155029,296.679840,47.173313,2.131660527,0.56,1438.0,5849.00,0.9970,11.893,"CANDIDATE"
"K04792.01",,11618569,295.571590,49.607479,5.75902182,0.91,1112.0,6247.00,1.0660,14.199,"CANDIDATE"
"K04862.01",,11973517,296.597990,50.356651,0.903763067,1.08,1254.0,4430.00,0.6510,15.697,"CANDIDATE"
"K04864.01",,7345248,285.458860,42.931049,5.66494448,0.78,1134.0,5888.00,1.1300,13.221,"CANDIDATE"
"K03320.01",,6690171,291.426850,42.164082,85.0624157,21.26,355.0,5223.00,0.8750,15.954,"CANDIDATE"
"K03323.01",,5193659,293.734440,40.307201,14.3196417,2.06,850.0,5562.00,1.3730,15.076,"CANDIDATE"
"K04793.01",,6220312,296.122530,41.561138,5.2736268,0.89,1014.0,5851.00,0.9180,15.374,"CANDIDATE"
"K04794.01",,6358937,290.094270,41.742779,24.5041103,1.03,574.0,5250.00,0.9620,14.375,"CANDIDATE"
"K04797.01",,7771181,297.348420,43.421219,9.97202023,1.26,627.0,4810.00,0.6960,15.693,"CANDIDATE"
"K03258.01",,4366323,291.937560,39.419941,40.3511707,1.88,479.0,5665.00,0.8200,15.676,"CANDIDATE"
"K03259.01",,2853029,291.564760,38.074589,72.9332762,2.45,389.0,5316.00,0.9020,15.679,"CANDIDATE"
"K03329.01",,6955671,293.942410,42.425900,12.6878176,2.16,851.0,6258.00,1.0460,15.813,"CANDIDATE"
"K07716.01",,5097856,291.370670,40.216061,483.36405,1.27,202.0,5700.00,0.7180,14.861,"CANDIDATE"
"K04799.01",,8278073,281.552670,44.228531,12.0729757,1.69,969.0,5436.00,1.7070,14.216,"CANDIDATE"
"K04801.01",,10810859,296.828950,48.173279,82.401274,2.21,421.0,5886.00,1.0000,15.202,"CANDIDATE"
"K03209.01",,7017274,285.923220,42.549850,11.91256675,2.61,1242.0,6337.00,2.3350,11.915,"CANDIDATE"
"K04871.01",,6767227,288.529020,42.276260,4.08197713,0.6,1372.0,6538.00,1.1560,13.050,"CANDIDATE"
"K04875.01",,2986833,290.782140,38.187790,0.912179022,0.65,1025.0,3880.00,0.5550,15.783,"CANDIDATE"
"K03263.01",,11853130,285.095860,50.100960,76.87935893,7.71,202.0,3638.00,0.4360,15.949,"CANDIDATE"
"K03264.01",,9345933,293.259030,45.837448,13.0151826,1.36,556.0,4794.00,0.6430,15.961,"CANDIDATE"
"K04735.01",,11338056,284.760930,49.141979,2.87998334,0.85,1024.0,4951.00,0.8060,14.712,"CANDIDATE"
"K04804.01",,10676750,296.098420,47.992699,21.08678557,2.08,651.0,6084.00,0.8630,15.185,"CANDIDATE"
"K04877.01",,9581589,288.971830,46.265202,5.19206571,0.99,1170.0,6322.00,1.0750,14.423,"CANDIDATE"
"K04878.01",,11804437,286.228120,50.013580,449.01499,1.04,258.0,6031.00,1.0680,12.291,"CANDIDATE"
"K01151.04",,8280511,283.002960,44.284229,17.4532945,0.76,639.0,5528.00,0.8530,13.404,"CANDIDATE"
"K07708.01",,4813793,283.698850,39.936642,6.70242786,1.82,1367.0,5466.00,2.2240,12.954,"CANDIDATE"
"K04737.01",,7266212,286.217290,42.860920,7.79534033,1.07,985.0,6156.00,1.0500,14.726,"CANDIDATE"
"K04808.01",,9419020,297.290500,45.955029,2.40174996,0.65,621.0,3606.00,0.3990,15.737,"CANDIDATE"
"K04810.01",,4270799,293.653690,39.316410,115.238544,3.17,372.0,5589.00,1.0370,15.259,"CANDIDATE"
"K04811.01",,8811490,288.857540,45.097691,21.7434141,2.23,799.0,5767.00,1.4970,13.816,"CANDIDATE"
"K04881.01",,8094120,290.550870,43.994362,5.6795377,1.16,1420.0,6514.00,1.5850,12.892,"CANDIDATE"
"K04885.01",,9935642,283.457640,46.819538,9.33955596,2.67,882.0,5516.00,1.1010,15.030,"CANDIDATE"
"K03271.02",,7285757,292.958190,42.854889,7.41834569,1.12,800.0,5549.00,0.7320,15.717,"CANDIDATE"
"K03202.01",,4262040,291.507200,39.323662,92.461135,2.86,564.0,5132.00,2.6480,11.784,"CANDIDATE"
"K04813.01",,4840672,293.240390,39.949444,9.2294726,0.82,601.0,4781.00,0.5960,13.780,"CANDIDATE"
"K04815.01",,7287677,293.547330,42.828442,18.3721835,1.12,657.0,5937.00,0.8300,14.965,"CANDIDATE"
"K04886.01",,7692248,294.950740,43.324341,17.99562529,28.98,701.0,5999.00,0.9590,15.822,"CANDIDATE"
"K04890.01",,6691169,291.721890,42.117298,63.095068,11.67,573.0,6622.00,1.3250,15.765,"CANDIDATE"
"K01151.05",,8280511,283.002960,44.284229,21.7203362,0.8,594.0,5528.00,0.8530,13.404,"CANDIDATE"
"K04749.01",,6520519,291.211640,41.985600,1.97650073,0.97,1394.0,5792.00,0.9230,15.608,"CANDIDATE"
"K04818.01",,9459162,289.348300,46.054680,3.79892774,1.46,1869.0,6831.00,2.1060,13.008,"CANDIDATE"
"K04820.01",,9969287,298.380070,46.889400,14.7401061,1.48,750.0,5999.00,0.9590,15.479,"CANDIDATE"
"K04891.01",,10747501,297.482970,48.022499,4.7309013,1.39,1065.0,5941.00,0.9110,15.680,"CANDIDATE"
"K04892.01",,10586744,285.706970,47.869968,21.3761817,1.08,717.0,5984.00,1.0520,14.143,"CANDIDATE"
"K04893.01",,11970050,295.081940,50.344601,6.58753699,1.51,992.0,6014.00,0.9930,15.652,"CANDIDATE"
"K04750.01",,5308296,299.491880,40.472481,36.721576,1.93,498.0,5662.00,0.8400,15.919,"CANDIDATE"
"K03203.01",,3122872,292.892180,38.270512,96.81647,3.19,655.0,6404.00,2.4670,11.816,"CANDIDATE"
"K04822.01",,9702945,288.507020,46.406712,3.51413723,0.69,1267.0,6201.00,0.9890,13.474,"CANDIDATE"
"K04823.01",,11401253,290.990050,49.233131,4.96504981,1.51,1403.0,5339.00,2.0110,12.739,"CANDIDATE"
"K04826.01",,10549902,297.213470,47.775429,1.141148847,1.67,2248.0,5438.00,1.9890,14.580,"CANDIDATE"
"K04895.01",,12416597,295.514950,51.203739,12.460565,1.1,726.0,5435.00,0.9330,14.732,"CANDIDATE"
"K04896.01",,11135694,290.900420,48.746140,19.5945772,1.18,724.0,6118.00,1.0230,15.451,"CANDIDATE"
"K04898.01",,10065053,287.348970,47.060982,409.87844,2.72,264.0,6167.00,1.0640,15.731,"CANDIDATE"
"K04754.01",,10291589,297.905270,47.336830,7.08757462,1.28,955.0,6060.00,0.9250,15.274,"CANDIDATE"
"K04755.01",,10118266,280.665190,47.114059,3.74318005,1.75,999.0,5207.00,0.8510,14.924,"CANDIDATE"
"K04756.01",,5695615,288.610570,40.924740,5.4169303,8.17,1173.0,6355.00,1.1080,15.411,"CANDIDATE"
"K04827.01",,5651846,299.468690,40.829990,31.1920226,1.65,521.0,5675.00,0.7770,15.401,"CANDIDATE"
"K04829.01",,12401132,287.701970,51.229729,7.630545,2.26,1087.0,6407.00,1.1790,14.120,"CANDIDATE"
"K04900.01",,6424561,284.578060,41.890259,6.6716723,1.27,1024.0,6086.00,1.0210,15.134,"CANDIDATE"
"K04902.01",,10000162,286.335450,46.917831,409.38645,1.78,197.0,4955.00,0.7990,15.149,"CANDIDATE"
"K04759.01",,7949593,287.773010,43.733910,17.7662938,1.54,670.0,5724.00,0.9460,14.971,"CANDIDATE"
"K04762.01",,7098255,284.610080,42.687431,11.56722589,1.29,568.0,4597.00,0.6910,15.674,"CANDIDATE"
"K07700.01",,4670361,295.736970,39.740452,631.56889,3.13,237.0,6382.00,1.0590,14.000,"CANDIDATE"
"K04833.01",,10584140,284.316930,47.887112,4.31724247,1.01,1332.0,5992.00,1.3100,13.600,"CANDIDATE"
"K04834.01",,8233326,291.794650,44.193531,3.74099144,1.85,1733.0,5110.00,3.2310,13.096,"CANDIDATE"
"K07711.01",,4940203,295.984040,40.043621,302.779824,1.31,246.0,5734.00,0.7970,14.160,"CANDIDATE"
"K01613.02",,6268648,285.476590,41.632717,94.094392,0.9,486.0,6099.00,1.3080,11.049,"CANDIDATE"
"K03367.01",,10935993,298.191620,48.396259,25.3736543,1.88,653.0,6195.00,0.9660,15.056,"CANDIDATE"
"K03368.01",,5257082,285.412660,40.425770,10.08535311,1.45,843.0,5947.00,0.9450,14.889,"CANDIDATE"
"K03434.01",,8628665,293.345210,44.700642,10.2856373,1.24,864.0,5841.00,1.0600,14.951,"CANDIDATE"
"K07746.01",,5881307,293.380490,41.151901,393.95608,2.27,263.0,6217.00,0.9890,15.622,"CANDIDATE"
"K03437.02",,4645174,288.883330,39.744560,34.7496038,3.51,702.0,5849.00,1.6010,14.606,"CANDIDATE"
"K07764.01",,6124137,292.010500,41.467098,227.83457,2.83,449.0,6004.00,2.1930,13.845,"CANDIDATE"
"K03370.01",,11657614,289.438960,49.731220,24.352541,1.52,498.0,4891.00,0.8050,14.779,"CANDIDATE"
"K07735.01",,5687986,285.369930,40.907429,382.30306,4.05,400.0,5993.00,2.5900,13.104,"CANDIDATE"
"K03371.01",,11125797,285.313810,48.725250,58.1263775,1.32,404.0,5413.00,0.8200,13.747,"CANDIDATE"
"K01627.03",,6543893,297.583130,41.952431,3.80675878,2.75,1574.0,6068.00,1.7970,15.767,"CANDIDATE"
"K03374.02",,6705026,295.409790,42.150829,34.1086562,1.95,739.0,6144.00,1.6680,14.440,"CANDIDATE"
"K03377.01",,5553959,297.050660,40.717419,10.0100312,0.99,506.0,4338.00,0.5080,15.318,"CANDIDATE"
"K03444.01",,5384713,297.429200,40.561909,12.67143692,0.76,404.0,3705.00,0.5290,13.693,"CANDIDATE"
"K03444.02",,5384713,297.429200,40.561909,60.32668824,4.98,240.0,3705.00,0.5290,13.693,"CANDIDATE"
"K03444.03",,5384713,297.429200,40.561909,2.63595435,0.5,682.0,3705.00,0.5290,13.693,"CANDIDATE"
"K07780.01",,6451368,294.484040,41.869171,5.3360574,1.52,1667.0,6742.00,2.0320,12.691,"CANDIDATE"
"K03384.01",,8644365,298.095430,44.737061,10.54841329,3.89,899.0,6047.00,1.0920,13.204,"CANDIDATE"
"K07749.01",,5888187,295.273010,41.168282,133.6348207,1.89,317.0,5202.00,0.9180,13.623,"CANDIDATE"
"K03448.01",,3348216,292.960080,38.431431,32.510844,2.62,680.0,6074.00,1.3580,14.863,"CANDIDATE"
"K03451.01",,10793576,290.344420,48.147308,10.90752977,1.58,955.0,6414.00,1.1470,14.056,"CANDIDATE"
"K01899.02",,7047922,295.754120,42.537479,10.5226374,1.08,976.0,6327.00,1.1750,14.563,"CANDIDATE"
"K07750.01",,5894182,296.675380,41.164768,494.485085,5.03,379.0,6303.00,2.5530,12.088,"CANDIDATE"
"K03455.01",,6947668,291.507080,42.429878,14.0545718,1.45,711.0,5783.00,0.8800,15.802,"CANDIDATE"
"K00332.02",,10290666,297.650940,47.396290,6.86674226,0.79,1018.0,5914.00,1.1350,13.046,"CANDIDATE"
"K03389.01",,3848966,291.069370,38.914909,29.7681831,3.98,917.0,5640.00,2.9160,14.564,"CANDIDATE"
"K03391.01",,9452897,285.843870,46.015911,36.7662364,1.28,336.0,4342.00,0.5400,15.903,"CANDIDATE"
"K01750.02",,6209677,293.300230,41.523338,2.53742164,0.93,1220.0,5447.00,0.9170,14.800,"CANDIDATE"
"K03460.01",,9664276,297.379120,46.367069,62.596544,2.25,559.0,5934.00,1.5090,14.451,"CANDIDATE"
"K03394.01",,7748487,290.236020,43.470650,15.5764061,1.79,793.0,6214.00,1.0760,15.491,"CANDIDATE"
"K03395.01",,3219037,286.540410,38.332600,10.00506974,1.11,849.0,5912.00,0.9240,14.634,"CANDIDATE"
"K03396.01",,5710069,293.224400,40.931931,36.2580749,1.82,516.0,5818.00,0.8480,15.553,"CANDIDATE"
"K03462.01",,9967009,297.701970,46.823318,12.4326997,1.88,839.0,5480.00,1.2290,15.916,"CANDIDATE"
"K03462.02",,9967009,297.701970,46.823318,30.9902997,2.21,619.0,5480.00,1.2290,15.916,"CANDIDATE"
"K03397.01",,6200810,290.449280,41.535789,35.8754482,2.35,668.0,6559.00,1.2180,15.353,"CANDIDATE"
"K03398.03",,3561464,295.498110,38.644501,4.32710579,3.58,2004.0,5745.00,3.9550,13.489,"CANDIDATE"
"K03469.01",,4844470,294.250370,39.943939,60.532988,1.91,420.0,5631.00,0.8470,14.196,"CANDIDATE"
"K03470.01",,9995771,283.797820,46.931000,15.0617835,1.61,794.0,5806.00,1.1580,15.386,"CANDIDATE"
"K03401.01",,9966219,297.478390,46.815750,17.9559673,1.96,750.0,5641.00,1.1950,14.388,"CANDIDATE"
"K07773.01",,6231721,298.686070,41.521069,2.69339974,1.04,1151.0,5355.00,0.8630,15.673,"CANDIDATE"
"K03472.01",,9536108,295.638550,46.132549,10.43003118,1.14,906.0,6277.00,1.0310,14.412,"CANDIDATE"
"K03473.01",,8905246,298.075900,45.189030,27.63714708,6.96,816.0,5214.00,2.4270,13.851,"CANDIDATE"
"K07729.01",,5460434,295.195010,40.670841,50.563697,1.57,761.0,6759.00,2.0220,10.948,"CANDIDATE"
"K03408.01",,11922778,296.006900,50.281811,65.427645,1.65,453.0,6014.00,0.9260,14.821,"CANDIDATE"
"K01788.02",,2975770,287.737550,38.114559,369.069345,3.07,197.0,4855.00,0.7780,14.521,"CANDIDATE"
"K03337.01",,7692093,294.905940,43.381889,11.16622885,1.56,725.0,5552.00,0.8360,15.927,"CANDIDATE"
"K03339.01",,7772914,297.751920,43.447578,23.1334494,2.55,638.0,5712.00,0.9320,14.656,"CANDIDATE"
"K03340.01",,3529290,286.510190,38.618309,8.9539656,0.84,923.0,6168.00,0.9470,13.776,"CANDIDATE"
"K03340.02",,3529290,286.510190,38.618309,13.7281373,1.06,800.0,6168.00,0.9470,13.776,"CANDIDATE"
"K03411.01",,6025124,285.147800,41.388908,26.83771808,12.68,658.0,6194.00,1.0690,14.426,"CANDIDATE"
"K01681.03",,5531953,291.285000,40.730049,3.53105835,10.61,558.0,3638.00,0.4200,15.855,"CANDIDATE"
"K07774.01",,6277410,289.335510,41.683449,6.32589574,1.14,901.0,5749.00,0.8180,15.421,"CANDIDATE"
"K03480.01",,9843517,296.652560,46.618809,11.9378354,1.15,671.0,5469.00,0.7380,15.954,"CANDIDATE"
"K03481.01",,8812045,289.098450,45.023090,32.715906,3.68,902.0,5527.00,3.1920,14.462,"CANDIDATE"
"K03483.01",,3101923,287.322690,38.279709,82.331756,2.08,474.0,5997.00,1.2420,14.872,"CANDIDATE"
"K03341.01",,5621333,292.229770,40.808949,27.0965146,2.13,700.0,5775.00,1.3520,14.886,"CANDIDATE"
"K03341.02",,5621333,292.229770,40.808949,11.5474983,1.48,930.0,5775.00,1.3520,14.886,"CANDIDATE"
"K03343.01",,3236705,291.855220,38.393131,83.2664103,2.89,439.0,5538.00,1.1800,14.970,"CANDIDATE"
"K03416.01",,2849140,290.733280,38.007210,11.8237228,1.25,703.0,5559.00,0.8030,15.353,"CANDIDATE"
"K03486.01",,8121328,298.820620,43.909859,19.0689513,1.63,627.0,5418.00,0.8890,14.371,"CANDIDATE"
"K07759.01",,6043538,292.180570,41.315540,6.2253374,1.92,1378.0,6263.00,1.7260,14.918,"CANDIDATE"
"K03420.02",,7289338,294.015290,42.824371,12.5014905,2.24,952.0,5821.00,1.4920,15.589,"CANDIDATE"
"K03421.01",,5004909,289.919710,40.168530,40.6511021,1.7,651.0,6297.00,1.3690,13.935,"CANDIDATE"
"K07775.01",,6278670,289.727910,41.612289,89.945828,3.46,509.0,5115.00,1.9240,13.640,"CANDIDATE"
"K03422.01",,5898983,297.714870,41.104279,40.1454757,13.01,1640.0,7852.00,7.1620,13.201,"CANDIDATE"
"K07733.01",,5617259,290.960940,40.896198,1.048130894,4.52,3871.0,7673.00,3.2140,11.860,"CANDIDATE"
"K03495.01",,9474756,295.553740,46.029110,17.6062701,1.72,753.0,5808.00,1.1590,15.135,"CANDIDATE"
"K01562.02",,5308663,299.556000,40.456551,20.0679247,2.25,662.0,5997.00,0.9040,15.590,"CANDIDATE"
"K07776.01",,6356400,289.287720,41.799938,541.92452,3.15,144.0,4378.00,0.6140,15.671,"CANDIDATE"
"K03426.01",,5900235,298.000890,41.196991,58.7701045,1.57,508.0,6158.00,1.0130,14.324,"CANDIDATE"
"K03495.02",,9474756,295.553740,46.029110,6.685438,1.25,1040.0,5808.00,1.1590,15.135,"CANDIDATE"
"K03496.02",,7517261,288.421200,43.179794,8.5433774,1.58,1260.0,6602.00,1.6850,13.932,"CANDIDATE"
"K07744.01",,5877292,292.130490,41.165749,11.7201693,1.34,870.0,6193.00,1.0670,15.171,"CANDIDATE"
"K03354.01",,9845909,297.377470,46.661652,11.5706005,1.33,771.0,5718.00,0.9000,15.089,"CANDIDATE"
"K03355.01",,9221528,293.134090,45.626869,16.2953228,1.6,773.0,6187.00,1.0130,15.110,"CANDIDATE"
"K07762.01",,6106046,285.237150,41.497532,8.5073512,1.38,891.0,5914.00,0.9550,15.330,"CANDIDATE"
"K03429.01",,9230021,296.196140,45.634331,15.8283833,1.8,758.0,5596.00,1.1450,15.364,"CANDIDATE"
"K03500.02",,6058816,296.354610,41.335560,4.7482669,1.57,1690.0,6056.00,2.4810,13.214,"CANDIDATE"
"K03358.01",,4263529,291.889070,39.361771,10.10404351,4.05,752.0,5530.00,0.8310,14.031,"CANDIDATE"
"K03430.01",,7697103,296.382690,43.386589,13.9248005,0.9,588.0,5271.00,0.6480,15.712,"CANDIDATE"
"K03431.01",,9267996,285.222560,45.708740,19.6001405,2.08,676.0,6003.00,0.9320,13.874,"CANDIDATE"
"K03433.01",,7093401,282.346130,42.608910,34.08429351,36.05,506.0,5252.00,0.9220,15.417,"CANDIDATE"
"K03823.01",,4820550,286.771450,39.983822,202.1168173,5.8,286.0,5536.00,0.9170,13.922,"CANDIDATE"
"K03749.01",,11547869,285.007720,49.503979,10.72725536,12.85,307.0,3324.00,0.2680,16.415,"CANDIDATE"
"K02093.02",,6525946,292.954160,41.934799,2.508116,12.28,3662.0,5096.00,8.7690,15.357,"CANDIDATE"
"K02018.02",,9973109,299.526000,46.899261,16.0988294,1.14,705.0,5657.00,0.9110,14.550,"CANDIDATE"
"K03909.01",,5966810,293.818300,41.211460,247.891041,4.74,367.0,6121.00,1.5360,14.948,"CANDIDATE"
"K07793.01",,6863158,291.852050,42.343361,1.99469354,0.46,758.0,3799.00,0.5100,15.846,"CANDIDATE"
"K03761.01",,8308347,294.897490,44.215790,164.950399,11.23,252.0,5001.00,0.6640,15.473,"CANDIDATE"
"K03913.01",,10281221,294.612520,47.343262,0.582895412,5.87,2347.0,6263.00,1.0090,14.972,"CANDIDATE"
"K02093.03",,6525946,292.954160,41.934799,0.496069986,10,6285.0,5096.00,8.7690,15.357,"CANDIDATE"
"K03689.01",,7017372,285.971800,42.545712,5.24088367,12.74,1320.0,6452.00,1.3050,14.014,"CANDIDATE"
"K02055.04",,3128552,294.152710,38.233040,6.13074243,1.26,916.0,5741.00,0.8330,14.523,"CANDIDATE"
"K07795.01",,6887030,297.872800,42.303291,5.44085762,0.97,892.0,5519.00,0.7620,14.810,"CANDIDATE"
"K03767.01",,8323764,299.080570,44.295010,6.714247798,14.78,809.0,5159.00,0.8000,17.376,"CANDIDATE"
"K03770.01",,5008245,290.936710,40.124920,2.60720833,7.31,1561.0,6366.00,1.2360,14.103,"CANDIDATE"
"K03777.01",,4075067,295.869450,39.158810,17.7476059,146.63,1998.0,8992.00,4.8320,11.500,"CANDIDATE"
"K02059.02",,12301181,287.590090,51.060570,2.18565886,0.44,1087.0,4997.00,0.7460,12.906,"CANDIDATE"
"K07796.01",,6891124,298.728210,42.372631,3.52364689,0.94,1330.0,6269.00,1.0850,14.460,"CANDIDATE"
"K02029.04",,9489524,299.896510,46.051971,4.78850084,0.63,889.0,5208.00,0.7720,12.957,"CANDIDATE"
"K03787.01",,7813039,288.439120,43.505249,141.73403059,10.3,329.0,5606.00,0.9180,13.891,"CANDIDATE"
"K07785.01",,6531617,294.627140,41.933182,433.220461,2.07,203.0,5232.00,0.7770,14.546,"CANDIDATE"
"K03864.02",,4164922,293.344970,39.257809,18.2572722,0.94,547.0,5014.00,0.7560,12.914,"CANDIDATE"
"K03722.01",,8365739,291.887540,44.345619,2.38920105,,,,,15.366,"CANDIDATE"
"K03801.01",,8827930,295.206940,45.098190,288.3128666,13.21,300.0,5672.00,1.2200,15.999,"CANDIDATE"
"K07791.01",,6790592,295.439730,42.209061,106.18732,231.85,2660.0,3287.00,152.9690,10.028,"CANDIDATE"
"K00416.03",,6508221,286.865480,41.989079,9.74765878,0.78,679.0,5176.00,0.7380,14.290,"CANDIDATE"
"K07798.01",,6952971,293.172120,42.483238,309.89103,2.15,314.0,6450.00,1.1550,14.706,"CANDIDATE"
"K03880.01",,4147444,288.867370,39.264961,1.803697292,1,1783.0,6438.00,1.1660,10.762,"CANDIDATE"
"K03810.01",,5769943,283.750400,41.086010,1.013774136,18.59,827.0,3644.00,0.3890,16.758,"CANDIDATE"
"K03811.01",,4638237,286.153110,39.714901,290.1401717,11.58,304.0,5631.00,1.2630,13.906,"CANDIDATE"
"K02004.03",,12154526,288.646270,50.788979,1.72110057,0.7,1607.0,5700.00,1.1760,13.351,"CANDIDATE"
"K03815.01",,6507433,286.508760,41.922741,4.7425521,7.27,1159.0,6161.00,1.0530,15.432,"CANDIDATE"
"K03891.01",,8765560,296.156010,44.920090,47.1096306,78.98,751.0,5258.00,2.7800,13.731,"CANDIDATE"
"K03741.02",,8780959,300.332370,44.986141,18.577903,1.36,879.0,6432.00,1.3450,13.306,"CANDIDATE"
"K01666.01",,5008501,291.019710,40.177589,0.968026356,1.78,2167.0,6469.00,1.1930,14.479,"CANDIDATE"
"K01670.01",,5184709,291.120060,40.333988,10.57910009,2.03,929.0,6323.00,1.0930,14.572,"CANDIDATE"
"K07849.01",,7778664,299.146640,43.459831,5.0263815,0.84,1065.0,5783.00,0.9620,14.877,"CANDIDATE"
"K02158.02",,5211199,297.651430,40.352551,6.68231249,2.09,1350.0,5343.00,2.5060,13.052,"CANDIDATE"
"K07850.01",,7834712,295.797880,43.570389,66.119119,3,452.0,5828.00,1.0280,15.978,"CANDIDATE"
"K01745.01",,9574614,284.967100,46.276260,0.982090079,29.95,1568.0,5472.00,0.7420,15.933,"CANDIDATE"
"K02480.01",,8189801,298.926390,44.002190,0.66682654,1.49,1183.0,3993.00,0.5540,15.745,"CANDIDATE"
"K01957.01",,10028352,297.792240,46.935829,1.38680229,29.33,2530.0,6823.00,2.0370,12.655,"CANDIDATE"
"K01963.01",,10917681,290.607450,48.357182,12.89623554,2.55,783.0,6072.00,0.9230,14.107,"CANDIDATE"
"K07818.01",,7134626,296.401490,42.651058,2.52443998,1.53,2145.0,6461.00,2.2250,13.063,"CANDIDATE"
"K02796.01",,11246161,292.874180,48.936569,0.5374094,0.96,2208.0,5749.00,0.9880,14.832,"CANDIDATE"
"K03991.01",,10352333,296.503540,47.486919,1.570592397,1.37,1480.0,5519.00,0.9210,13.140,"CANDIDATE"
"K01947.01",,12253474,288.634830,50.912231,6.422943288,1.66,1034.0,6102.00,1.0160,12.335,"CANDIDATE"
"K02141.01",,3764879,295.771940,38.820042,1.306984786,18.33,1754.0,6102.00,1.0260,14.024,"CANDIDATE"
"K07842.01",,7601665,289.886660,43.233879,3.11141514,0.7,1530.0,6450.00,1.2730,13.396,"CANDIDATE"
"K02874.01",,9149789,289.858890,45.503841,0.352515897,1,2194.0,5465.00,0.7660,14.867,"CANDIDATE"
"K02879.01",,7051984,296.701900,42.508652,0.339069751,2.09,3653.0,5653.00,2.1830,12.771,"CANDIDATE"
"K07843.01",,7613620,293.671140,43.217609,0.619023176,0.79,1885.0,5395.00,0.8910,15.775,"CANDIDATE"
"K01772.01",,3345675,292.300690,38.402142,120.00336404,15.08,240.0,4315.00,0.6680,15.635,"CANDIDATE"
"K03936.01",,4947556,297.577120,40.027710,141.608555,2.98,290.0,5083.00,0.8440,13.336,"CANDIDATE"
"K07832.01",,7287028,293.358610,42.806660,3.6092231,0.68,1192.0,6032.00,0.9290,13.534,"CANDIDATE"
"K04007.01",,8376848,295.748990,44.374760,11.4927112,25.01,858.0,6198.00,1.0050,15.472,"CANDIDATE"
"K07833.01",,7300182,296.785550,42.880291,172.820248,2.22,338.0,6174.00,0.9390,14.321,"CANDIDATE"
"K02135.02",,9904006,296.803440,46.741150,20.1890396,1.39,794.0,6178.00,1.2670,13.573,"CANDIDATE"
"K07834.01",,7366501,292.947570,42.904308,7.3812344,1,944.0,6072.00,0.9230,15.051,"CANDIDATE"
"K00364.01",,7296438,295.872310,42.881149,173.92851338,,,,,10.087,"CANDIDATE"
"K01411.01",,9425139,298.995090,45.909512,305.0762469,7.82,284.0,5716.00,1.1550,13.377,"CANDIDATE"
"K07835.01",,7367164,293.138280,42.965141,3.76565247,0.87,1108.0,5815.00,0.8770,14.688,"CANDIDATE"
"K07846.01",,7671950,287.812840,43.362549,10.5994606,1.28,896.0,6194.00,1.0690,15.284,"CANDIDATE"
"K01631.01",,9084778,290.280940,45.464260,0.592243731,6.77,1551.0,4920.00,0.5910,15.653,"CANDIDATE"
"K07847.01",,7747103,289.730800,43.497368,399.37587,3.93,326.0,6098.00,1.6180,13.281,"CANDIDATE"
"K02068.01",,10674871,295.464630,47.908070,41.88970036,32.16,515.0,5952.00,0.9070,14.740,"CANDIDATE"
"K03104.01",,11518201,296.689450,49.446770,1.236866732,1.75,1569.0,5621.00,0.8790,15.388,"CANDIDATE"
"K03137.01",,9758032,285.209440,46.540909,1.332035996,0.85,1365.0,5376.00,0.7300,15.682,"CANDIDATE"
"K02925.01",,6974658,298.298190,42.434368,0.716531851,1.11,2034.0,5552.00,1.0300,13.458,"CANDIDATE"
"K02037.02",,9634821,284.342740,46.316551,5.47715718,2.17,892.0,5029.00,0.9300,15.213,"CANDIDATE"
"K02612.02",,9602613,297.148830,46.296951,7.57299816,0.53,875.0,5495.00,0.9610,11.830,"CANDIDATE"
"K02957.01",,10904004,282.343050,48.340778,4.64490141,0.76,832.0,4786.00,0.7700,14.480,"CANDIDATE"
"K03102.01",,9605552,297.960480,46.227921,9.3210841,0.61,394.0,3773.00,0.3500,15.983,"CANDIDATE"
"K03077.02",,2715695,292.033480,37.974548,7.55842923,1.46,694.0,4791.00,0.7420,15.958,"CANDIDATE"
"K05149.01",,5283728,294.273990,40.462078,43.681309,1.33,473.0,5726.00,0.8290,15.649,"CANDIDATE"
"K05155.01",,5374838,295.212550,40.516911,230.180357,7.57,347.0,6313.00,1.2460,15.469,"CANDIDATE"
"K05274.01",,6366559,292.633000,41.749222,55.7583803,1.59,537.0,5413.00,1.4030,12.746,"CANDIDATE"
"K05275.01",,6367663,292.994930,41.712749,3.781123,1.16,1421.0,6318.00,1.2160,14.531,"CANDIDATE"
"K05276.01",,6368905,293.364750,41.788891,220.720142,2,235.0,5150.00,0.6960,15.827,"CANDIDATE"
"K05278.01",,6372194,294.335940,41.747532,281.5921577,7.22,225.0,5330.00,0.7130,15.870,"CANDIDATE"
"K05279.01",,6387557,298.113560,41.712749,103.722152,1.95,414.0,5784.00,1.1430,14.775,"CANDIDATE"
"K03463.01",,5294945,296.879760,40.455360,32.5474295,1.42,618.0,6068.00,1.0610,14.564,"CANDIDATE"
"K05030.01",,3968809,295.188720,39.018650,411.8969,2.61,279.0,6362.00,1.1440,14.452,"CANDIDATE"
"K05033.01",,3974928,296.357970,39.078579,127.671711,5.52,519.0,4985.00,2.6330,13.832,"CANDIDATE"
"K05035.01",,4063943,293.299130,39.188389,115.23145073,,,,,15.879,"CANDIDATE"
"K05037.01",,4071638,295.163420,39.180187,349.58811,134.79,1351.0,3860.00,74.3200,12.989,"CANDIDATE"
"K05156.01",,5390913,298.717500,40.541969,1.680254289,30.88,1996.0,6423.00,1.2460,12.075,"CANDIDATE"
"K05158.01",,5394585,299.380710,40.535671,151.13008,4.41,578.0,6768.00,2.3020,11.867,"CANDIDATE"
"K05160.01",,5425643,282.910100,40.646519,258.63797782,,,,,15.594,"CANDIDATE"
"K05162.01",,5428199,284.196960,40.641251,628.15844,0.95,101.0,3697.00,0.4230,13.347,"CANDIDATE"
"K05281.01",,6425377,284.983640,41.881351,263.90141,23.91,562.0,5094.00,6.2470,13.485,"CANDIDATE"
"K05283.01",,6442735,291.764130,41.860130,18.7821603,0.83,681.0,5919.00,0.9400,14.043,"CANDIDATE"
"K05284.01",,6443093,291.890350,41.816818,389.316341,27.61,245.0,5731.00,0.9580,14.570,"CANDIDATE"
"K05287.01",,6509282,287.330410,41.974899,3.98916186,28.1,3293.0,4998.00,16.1870,13.560,"CANDIDATE"
"K03508.01",,6697817,293.623570,42.129639,190.800788,1.67,321.0,5993.00,0.9860,14.322,"CANDIDATE"
"K05040.01",,4135912,284.665830,39.252041,29.6094263,2.87,789.0,6079.00,1.7830,14.385,"CANDIDATE"
"K05044.01",,4150972,289.831300,39.278000,161.537665,1.37,400.0,6033.00,1.3580,12.426,"CANDIDATE"
"K05164.01",,5436455,287.874240,40.630409,209.967521,1.16,344.0,6437.00,1.0420,12.489,"CANDIDATE"
"K05165.01",,5439000,288.851230,40.692589,369.73011,1.66,274.0,6283.00,0.9990,13.976,"CANDIDATE"
"K05169.01",,5443320,290.205470,40.669930,21.3684341,1.72,551.0,5204.00,0.7860,15.470,"CANDIDATE"
"K05288.01",,6511182,288.127350,41.952801,29.5632952,1.9,527.0,5595.00,0.8280,15.684,"CANDIDATE"
"K05289.01",,6517064,290.158290,41.989780,181.81214,2.04,324.0,6060.00,0.9250,14.940,"CANDIDATE"
"K05290.01",,6517200,290.200680,41.946289,435.50635,2.06,225.0,5750.00,0.8820,15.667,"CANDIDATE"
"K05291.01",,6517255,290.216060,41.954571,525.560452,12.74,359.0,4954.00,3.7960,13.795,"CANDIDATE"
"K04921.01",,1164301,291.691960,36.881409,95.688682,28.41,1046.0,5040.00,13.0560,13.933,"CANDIDATE"
"K04923.01",,1429589,290.756260,37.089809,38.168652,1.4,696.0,6164.00,1.4650,13.195,"CANDIDATE"
"K04926.01",,1865864,290.873050,37.362179,69.089357,1.47,332.0,4848.00,0.6980,15.572,"CANDIDATE"
"K05046.01",,4164511,293.247010,39.236691,40.9882124,1.44,657.0,6705.00,1.1740,13.006,"CANDIDATE"
"K05048.01",,4241238,284.638760,39.355179,138.333748,6.28,488.0,4948.00,2.5470,13.419,"CANDIDATE"
"K05174.01",,5524229,288.871980,40.767059,22.4932751,6.04,1183.0,5186.00,4.9800,11.400,"CANDIDATE"
"K05176.01",,5529385,290.434910,40.777241,215.732414,1.26,292.0,5790.00,0.8560,13.372,"CANDIDATE"
"K05297.01",,6543192,297.425780,41.932991,8.0906952,0.8,811.0,5374.00,0.9020,14.441,"CANDIDATE"
"K05300.01",,6594945,288.281220,42.072079,188.954072,2.46,468.0,6392.00,1.8990,13.039,"CANDIDATE"
"K04931.01",,2019199,292.486210,37.404339,579.81521,2.71,218.0,5822.00,0.9690,14.473,"CANDIDATE"
"K04932.01",,2158460,291.064180,37.535751,19.12788374,,,,,15.892,"CANDIDATE"
"K05057.01",,4346339,285.343290,39.413849,493.74242,7.15,358.0,5015.00,3.2430,12.518,"CANDIDATE"
"K05308.01",,6634112,298.642520,42.092831,9.942228056,22.15,740.0,5268.00,0.8430,14.099,"CANDIDATE"
"K05310.01",,6675757,286.529420,42.167511,22.2903562,1.13,632.0,5597.00,1.0000,13.993,"CANDIDATE"
"K04938.01",,2310993,293.220180,37.610699,55.180772,2.37,531.0,6306.00,1.0760,15.551,"CANDIDATE"
"K04940.01",,2437653,290.241030,37.785221,84.6405853,1.72,271.0,4386.00,0.6300,15.160,"CANDIDATE"
"K04943.01",,2555080,286.094700,37.846722,15.2024426,113.97,2955.0,3984.00,41.3670,13.297,"CANDIDATE"
"K05066.01",,4471313,293.511750,39.528271,110.089267,2.4,322.0,5465.00,0.7500,15.792,"CANDIDATE"
"K05067.01",,4478142,295.186800,39.575691,219.931324,2.3,279.0,5557.00,0.9120,14.254,"CANDIDATE"
"K05068.01",,4484179,296.422700,39.579391,385.29212,1.57,290.0,6440.00,1.0530,13.086,"CANDIDATE"
"K05188.01",,5650930,299.283360,40.834389,455.195496,2.09,290.0,6478.00,1.2090,12.376,"CANDIDATE"
"K05192.01",,5697395,289.227290,40.949490,50.55398,0.94,367.0,4895.00,0.6870,14.867,"CANDIDATE"
"K05329.01",,6805414,298.644930,42.285831,200.2350497,10.99,325.0,6108.00,0.9970,15.392,"CANDIDATE"
"K05331.01",,6869373,293.667720,42.320541,31.5034587,1.17,484.0,5269.00,0.8230,15.164,"CANDIDATE"
"K05332.01",,6875342,295.238250,42.322361,22.2381062,1.09,702.0,6192.00,1.0550,14.296,"CANDIDATE"
"K05333.01",,6879183,296.106480,42.354279,20.5477769,1.67,690.0,5922.00,1.0570,15.529,"CANDIDATE"
"K05071.01",,4566848,293.164760,39.631561,180.4118581,8.86,329.0,6032.00,0.9730,15.656,"CANDIDATE"
"K05196.01",,5734702,298.926670,40.970451,392.47291,5.46,442.0,6626.00,2.7040,12.361,"CANDIDATE"
"K04958.01",,2861298,293.318630,38.005466,581.729006,2.74,308.0,5765.00,2.0050,12.362,"CANDIDATE"
"K05079.01",,4737848,289.096190,39.827278,56.001782,1.54,584.0,6116.00,1.3320,13.228,"CANDIDATE"
"K05083.01",,4750962,293.055360,39.840069,69.932459,8.25,812.0,5207.00,5.1830,13.809,"CANDIDATE"
"K05202.01",,5793275,292.559510,41.090012,535.93723,1.83,227.0,6014.00,0.9580,14.679,"CANDIDATE"
"K05205.01",,5857656,284.660220,41.108940,313.051405,2.91,310.0,6218.00,1.1850,12.842,"CANDIDATE"
"K05207.01",,5859725,285.689120,41.189610,18.9828305,0.72,707.0,5962.00,1.0350,13.048,"CANDIDATE"
"K05320.01",,6719052,298.453220,42.110100,357.437578,3.13,422.0,7610.00,1.8620,13.723,"CANDIDATE"
"K05321.01",,6721603,298.956540,42.156315,215.634356,1.92,404.0,6163.00,1.5680,13.793,"CANDIDATE"
"K05322.01",,6756369,283.972930,42.276588,30.928898,8.1,1051.0,5029.00,5.1270,13.907,"CANDIDATE"
"K05324.01",,6765563,287.906860,42.208721,293.392635,6.84,428.0,5203.00,3.0550,13.705,"CANDIDATE"
"K05327.01",,6776555,291.556670,42.214169,5.43361347,2.09,548.0,3694.00,0.5660,15.808,"CANDIDATE"
"K04960.01",,2992634,292.078030,38.153831,47.82278681,,,,,14.395,"CANDIDATE"
"K04961.01",,3001955,294.084500,38.156319,348.96347,2.04,198.0,4823.00,0.7920,15.325,"CANDIDATE"
"K04963.01",,3101178,287.046880,38.231617,59.4037839,1.65,570.0,6373.00,1.2090,11.679,"CANDIDATE"
"K04967.01",,3239171,292.470340,38.394341,43.581043,1.94,558.0,6225.00,1.0310,15.630,"CANDIDATE"
"K05085.01",,4761427,295.625790,39.824638,327.063,2.82,248.0,5750.00,0.8820,15.941,"CANDIDATE"
"K05087.01",,4770798,297.509190,39.888020,651.07431,1.55,234.0,5696.00,1.2610,12.524,"CANDIDATE"
"K05088.01",,4813750,283.678190,39.964279,49.1782244,1.79,468.0,5674.00,0.8390,15.527,"CANDIDATE"
"K05092.01",,4833409,291.108250,39.955681,271.790292,2.38,354.0,6484.00,1.3200,13.887,"CANDIDATE"
"K05211.01",,5946568,287.008360,41.289101,3.5645249,0.6,1029.0,5435.00,0.8240,12.936,"CANDIDATE"
"K05213.01",,5954894,290.049500,41.250359,48.2455501,0.64,449.0,5441.00,0.8270,12.429,"CANDIDATE"
"K05216.01",,5965629,293.463650,41.290939,377.311149,2.56,243.0,5897.00,0.8910,15.495,"CANDIDATE"
"K05336.01",,6934045,286.797550,42.420910,265.741374,3.24,413.0,6537.00,1.8590,13.491,"CANDIDATE"
"K05337.01",,6939913,289.045720,42.446758,470.65357,2.99,238.0,6039.00,0.9510,15.070,"CANDIDATE"
"K05341.01",,7009548,282.291320,42.545509,15.18575582,2.26,922.0,6311.00,1.3390,12.493,"CANDIDATE"
"K04969.01",,3242039,293.203490,38.341801,59.14382117,,,,,13.815,"CANDIDATE"
"K04972.01",,3340165,290.924100,38.438339,26.092284,1.35,717.0,6346.00,1.2140,13.980,"CANDIDATE"
"K04975.01",,3355104,294.631040,38.404549,47.0628978,4.1,483.0,5838.00,0.8970,15.706,"CANDIDATE"
"K05098.01",,4912650,288.341740,40.096390,100.345648,1.57,325.0,5180.00,0.8000,14.855,"CANDIDATE"
"K05099.01",,4914221,288.930600,40.057339,111.187116,1.51,440.0,5806.00,1.2810,12.709,"CANDIDATE"
"K05219.01",,5981058,297.261810,41.255508,27.765596,1.2,605.0,5897.00,0.9990,15.197,"CANDIDATE"
"K05222.01",,6021840,283.515590,41.335819,367.6758,2.77,271.0,6140.00,1.0480,15.343,"CANDIDATE"
"K05223.01",,6023571,284.348600,41.319389,354.21154,8.41,363.0,4842.00,3.0350,13.682,"CANDIDATE"
"K05224.01",,6025174,285.175630,41.342499,171.028691,2.49,376.0,6123.00,1.2520,14.892,"CANDIDATE"
"K04976.01",,3356156,294.864140,38.480183,624.90338,2.77,320.0,7089.00,1.7290,13.620,"CANDIDATE"
"K04977.01",,3425363,285.529300,38.548141,25.5338535,1.18,410.0,4445.00,0.6350,15.573,"CANDIDATE"
"K04978.01",,3428127,286.590760,38.558300,339.18998,2.75,253.0,5544.00,0.9660,15.278,"CANDIDATE"
"K04981.01",,3441795,290.948460,38.565910,349.73652,2.32,216.0,5310.00,0.7960,15.466,"CANDIDATE"
"K05101.01",,4915582,289.355590,40.068352,436.18813,1.64,331.0,6499.00,1.4970,13.026,"CANDIDATE"
"K05104.01",,4918303,290.124970,40.098381,21.1579573,1.63,682.0,6063.00,1.0120,15.531,"CANDIDATE"
"K05107.01",,4940376,296.018520,40.087151,169.330666,16.68,698.0,5106.00,7.0520,13.743,"CANDIDATE"
"K05226.01",,6034379,289.183720,41.343376,249.35154,4.42,289.0,5780.00,1.0000,13.931,"CANDIDATE"
"K05227.01",,6034834,289.345150,41.364780,371.56492,1.89,259.0,5735.00,0.9720,14.058,"CANDIDATE"
"K05228.01",,6036286,289.815670,41.396439,546.53309,1.03,94.0,3434.00,0.3600,15.347,"CANDIDATE"
"K05229.01",,6038152,290.398620,41.351559,364.63189,2.06,298.0,6446.00,1.1550,14.425,"CANDIDATE"
"K05230.01",,6043490,292.165440,41.329342,330.738115,4.42,375.0,5458.00,2.4530,13.381,"CANDIDATE"
"K05231.01",,6045404,292.740230,41.378960,78.876125,2.03,427.0,6046.00,0.9270,15.819,"CANDIDATE"
"K04986.01",,3540873,290.354800,38.672531,444.04257,1.48,211.0,5776.00,0.7260,14.795,"CANDIDATE"
"K04991.01",,3548645,292.480900,38.654121,211.330867,2.09,300.0,5941.00,0.9110,15.270,"CANDIDATE"
"K05110.01",,4953262,298.760410,40.052792,105.5904748,8.16,670.0,4869.00,4.3830,11.653,"CANDIDATE"
"K05236.01",,6067545,298.397980,41.314892,550.86514,2.06,238.0,5912.00,1.1150,13.093,"CANDIDATE"
"K05237.01",,6115356,289.200160,41.430752,380.39474,1.84,224.0,5772.00,0.7450,15.326,"CANDIDATE"
"K04992.01",,3553900,293.774480,38.654381,12.5747207,1.45,693.0,5654.00,0.7740,15.133,"CANDIDATE"
"K05117.01",,5027859,296.018830,40.108009,33.3726538,1.95,491.0,5504.00,0.7960,15.986,"CANDIDATE"
"K05119.01",,5036052,297.788330,40.130909,143.163697,20.03,741.0,5145.00,7.6530,12.644,"CANDIDATE"
"K05247.01",,6197658,289.525700,41.500488,282.0309,3.22,315.0,6343.00,1.1370,14.810,"CANDIDATE"
"K05248.01",,6198670,289.827090,41.524811,179.25465,1.35,301.0,5692.00,0.8200,15.142,"CANDIDATE"
"K04999.01",,3646449,291.659060,38.712158,65.752109,2,458.0,5816.00,1.0300,15.478,"CANDIDATE"
"K05001.01",,3647097,291.824710,38.779911,59.9655175,1.92,481.0,5729.00,1.1050,14.647,"CANDIDATE"
"K05003.01",,3748239,291.787050,38.863152,112.951287,15.19,783.0,5215.00,6.4280,13.446,"CANDIDATE"
"K05004.01",,3751118,292.557800,38.850300,103.363691,2,385.0,5762.00,1.0220,14.505,"CANDIDATE"
"K05124.01",,5094412,290.298400,40.287842,276.879492,11.67,260.0,5324.00,0.9660,15.772,"CANDIDATE"
"K05126.01",,5110453,294.848020,40.240879,418.04355,13.73,463.0,5110.00,5.4690,13.637,"CANDIDATE"
"K05130.01",,5166811,284.465850,40.314941,370.05918,1.9,206.0,5228.00,0.7510,15.612,"CANDIDATE"
"K05249.01",,6203955,291.505890,41.550388,19.4534296,1.25,744.0,6372.00,1.0150,14.518,"CANDIDATE"
"K05254.01",,6266866,284.591640,41.639271,232.916142,1.2,361.0,5807.00,1.4960,10.926,"CANDIDATE"
"K02150.02",,3229150,289.842860,38.309601,44.7055876,72.59,509.0,5942.00,0.9380,15.253,"CANDIDATE"
"K02422.02",,11360805,296.550050,49.102322,57.3888262,1.88,406.0,5242.00,0.8560,14.803,"CANDIDATE"
"K05006.01",,3757521,294.123690,38.815830,126.51457638,,,,,12.500,"CANDIDATE"
"K05007.01",,3758499,294.367340,38.846889,14.5168151,1.82,1030.0,5934.00,1.8850,13.698,"CANDIDATE"
"K05009.01",,3834728,286.232330,38.991749,359.98653,1.76,200.0,5171.00,0.6770,15.155,"CANDIDATE"
"K05134.01",,5181299,290.099910,40.386581,573.23826,6.93,338.0,5172.00,3.2640,13.815,"CANDIDATE"
"K05135.01",,5184144,290.934360,40.358158,314.765374,2,217.0,5228.00,0.7550,15.578,"CANDIDATE"
"K05262.01",,6309307,298.196960,41.650452,438.98396,32.58,599.0,5053.00,11.7060,12.356,"CANDIDATE"
"K05021.01",,3863877,294.903230,38.956470,288.07937,3.01,269.0,5825.00,0.9650,15.212,"CANDIDATE"
"K05142.01",,5255259,284.546910,40.468529,198.895864,3.33,264.0,5184.00,0.8080,15.805,"CANDIDATE"
"K05264.01",,6346894,285.141720,41.711552,52.69092296,,,,,12.358,"CANDIDATE"
"K05266.01",,6347890,285.620760,41.738060,37.71508287,,,,,15.294,"CANDIDATE"
"K05267.01",,6350031,286.652860,41.756142,5.1779065,2.93,1636.0,5921.00,2.5890,14.326,"CANDIDATE"
"K05268.01",,6359881,290.382230,41.757408,474.22897,2,225.0,5818.00,0.9250,15.322,"CANDIDATE"
"K05269.01",,6359929,290.397950,41.750790,371.50631,2.88,242.0,5696.00,0.9240,15.392,"CANDIDATE"
"K05022.01",,3865815,295.351320,38.927040,117.26808432,,,,,12.501,"CANDIDATE"
"K05027.01",,3955444,291.824460,39.006180,62.312419,6.15,838.0,4999.00,5.6150,13.172,"CANDIDATE"
"K05649.01",,9274092,288.789860,45.727459,426.942225,2.32,187.0,5126.00,0.6690,15.218,"CANDIDATE"
"K05651.01",,9282853,292.642580,45.732342,83.499618,1.72,343.0,5141.00,0.7730,15.726,"CANDIDATE"
"K05652.01",,9292100,296.056670,45.769760,91.507044,1.43,302.0,5040.00,0.6260,14.969,"CANDIDATE"
"K05653.01",,9300066,298.386200,45.764229,188.664098,2.02,232.0,4788.00,0.6720,15.545,"CANDIDATE"
"K05772.01",,10186761,281.320470,47.214809,75.636309,1.32,447.0,6072.00,0.9940,13.825,"CANDIDATE"
"K05775.01",,10191449,284.092500,47.251381,492.23808,2.19,209.0,5609.00,0.8540,15.502,"CANDIDATE"
"K05776.01",,10199984,288.473180,47.247921,198.6004,4.6,458.0,5357.00,2.5220,13.183,"CANDIDATE"
"K05406.01",,7625138,296.659670,43.270290,5.71966537,0.82,1479.0,6356.00,1.8650,11.331,"CANDIDATE"
"K05528.01",,8507586,296.191220,44.542122,201.621794,2.02,309.0,5919.00,0.9230,15.169,"CANDIDATE"
"K05532.01",,8525101,300.835270,44.560661,24.6777128,6.04,1176.0,4995.00,5.0580,13.434,"CANDIDATE"
"K05533.01",,8525286,300.901460,44.597328,113.05980069,,,,,13.430,"CANDIDATE"
"K05654.01",,9304976,299.817720,45.709164,54.6957124,3.28,405.0,5299.00,0.7570,13.823,"CANDIDATE"
"K05656.01",,9330740,286.122470,45.842510,169.84787744,,,,,12.687,"CANDIDATE"
"K05657.01",,9334027,288.029450,45.800098,284.699924,2,293.0,6054.00,1.0280,14.403,"CANDIDATE"
"K05660.01",,9363944,299.035280,45.869289,402.20969,10.03,452.0,4961.00,4.6490,13.660,"CANDIDATE"
"K05782.01",,10272858,291.362950,47.328709,584.55603,6.69,354.0,5208.00,3.6200,11.367,"CANDIDATE"
"K05785.01",,10319834,281.883240,47.416050,70.31252504,,,,,14.942,"CANDIDATE"
"K05787.01",,10339000,291.638920,47.474972,69.775633,1.19,480.0,6224.00,0.9830,14.333,"CANDIDATE"
"K05407.01",,7625143,296.660800,43.275089,58.5029431,1.54,611.0,6525.00,1.4120,13.048,"CANDIDATE"
"K05408.01",,7631138,298.034030,43.228271,415.748785,3.24,283.0,5324.00,1.5340,14.030,"CANDIDATE"
"K05410.01",,7662502,282.981140,43.300407,24.1527864,0.97,701.0,6223.00,1.0950,13.664,"CANDIDATE"
"K05411.01",,7672215,287.937470,43.377659,11.1734401,1.4,1279.0,7372.00,1.7520,13.335,"CANDIDATE"
"K05413.01",,7690782,294.510310,43.322319,428.379308,2,236.0,5574.00,0.9530,14.105,"CANDIDATE"
"K05536.01",,8547213,286.112340,44.657581,392.72811,1.85,226.0,5701.00,0.8150,15.033,"CANDIDATE"
"K05539.01",,8547537,286.291440,44.658772,374.05697,2.34,209.0,5302.00,0.7710,15.583,"CANDIDATE"
"K05541.01",,8548454,286.805660,44.639870,339.633833,2.04,250.0,5823.00,0.9010,14.699,"CANDIDATE"
"K05663.01",,9391817,285.606750,45.990318,140.884533,1.52,392.0,5960.00,1.2130,13.060,"CANDIDATE"
"K05665.01",,9394953,287.354800,45.948662,100.494129,1.33,523.0,6018.00,1.7500,11.484,"CANDIDATE"
"K05666.01",,9397862,289.022550,45.926022,182.453195,1.26,332.0,6164.00,0.9270,13.872,"CANDIDATE"
"K05789.01",,10387792,283.463070,47.554600,383.26217,1.57,203.0,5074.00,0.7610,14.060,"CANDIDATE"
"K05790.01",,10394802,287.291320,47.598251,178.266978,3.71,241.0,4899.00,0.7130,15.518,"CANDIDATE"
"K05794.01",,10453009,283.586120,47.633739,30.9771151,4.3,950.0,5197.00,3.7840,13.785,"CANDIDATE"
"K05795.01",,10459749,287.117610,47.616180,19.11280242,,,,,15.952,"CANDIDATE"
"K05418.01",,7747091,289.728180,43.488239,14.2673439,1.21,657.0,5475.00,0.8370,15.181,"CANDIDATE"
"K05422.01",,7757620,293.415370,43.417610,360.64485255,,,,,13.579,"CANDIDATE"
"K05545.01",,8570210,295.596980,44.613892,541.04472,1.08,206.0,5829.00,0.8020,13.607,"CANDIDATE"
"K05546.01",,8571421,295.972780,44.645088,514.271499,3.01,258.0,6343.00,1.1370,14.848,"CANDIDATE"
"K05547.01",,8574794,296.970700,44.610420,571.14302,2.22,210.0,5751.00,0.9430,14.851,"CANDIDATE"
"K05550.01",,8613769,287.089690,44.792000,540.39267,3.63,206.0,5693.00,0.8560,15.959,"CANDIDATE"
"K05671.01",,9417931,296.973690,45.995209,190.905243,1.73,356.0,6098.00,1.1310,13.574,"CANDIDATE"
"K05677.01",,9456887,288.136840,46.038380,20.5142642,1.14,598.0,5221.00,0.9360,14.900,"CANDIDATE"
"K05796.01",,10470779,292.035220,47.684391,495.854189,2.41,230.0,5613.00,1.0440,14.712,"CANDIDATE"
"K05798.01",,10487228,297.695250,47.605862,318.25858,2.03,212.0,5108.00,0.7590,15.714,"CANDIDATE"
"K05799.01",,10519727,284.436920,47.750332,184.883155,2.82,393.0,5620.00,1.6210,13.609,"CANDIDATE"
"K05800.01",,10525077,287.378080,47.771191,11.006795,1.34,874.0,6091.00,1.0470,15.355,"CANDIDATE"
"K05801.01",,10535708,292.114470,47.729462,177.37583,1.96,314.0,5849.00,0.9190,15.609,"CANDIDATE"
"K05423.01",,7762153,294.819950,43.471111,366.55705,2.63,266.0,5857.00,1.1000,15.200,"CANDIDATE"
"K05425.01",,7767781,296.479060,43.409382,39.42516213,,,,,15.720,"CANDIDATE"
"K05426.01",,7770901,297.290470,43.467789,124.887214,1.78,435.0,6103.00,1.2340,13.701,"CANDIDATE"
"K05552.01",,8644545,298.138640,44.744061,295.958914,2.1,265.0,5505.00,0.9920,13.344,"CANDIDATE"
"K05553.01",,8644911,298.232790,44.756432,120.938669,2.32,333.0,5456.00,0.8430,15.540,"CANDIDATE"
"K05554.01",,8652997,300.391940,44.785320,362.22202,0.96,312.0,6113.00,1.2770,11.189,"CANDIDATE"
"K05556.01",,8656535,301.506560,44.711842,631.99116,1.86,210.0,5594.00,1.0060,13.415,"CANDIDATE"
"K05680.01",,9466486,292.500980,46.037479,557.92882,2.97,300.0,5553.00,1.8440,13.263,"CANDIDATE"
"K05681.01",,9472328,294.690920,46.066620,77.51257,28199.3,702.0,5261.00,3.6300,15.677,"CANDIDATE"
"K05682.01",,9472341,294.694890,46.077000,46.969389,7.45,638.0,5401.00,1.7170,16.224,"CANDIDATE"
"K05684.01",,9475697,295.872920,46.014462,206.801125,24.34,675.0,5048.00,8.6110,11.128,"CANDIDATE"
"K05685.01",,9481235,297.598050,46.043770,14.0019064,17.96,1646.0,4883.00,6.5020,13.814,"CANDIDATE"
"K05805.01",,10552151,297.838900,47.751709,525.757041,11.07,372.0,5277.00,3.9310,14.519,"CANDIDATE"
"K05806.01",,10552263,297.870030,47.771091,313.82752,1.26,272.0,5914.00,0.9730,12.355,"CANDIDATE"
"K05807.01",,10554421,298.496250,47.738918,236.09799849,,,,,14.466,"CANDIDATE"
"K05810.01",,10581308,282.687130,47.816978,425.593391,2.25,278.0,5458.00,1.4410,13.766,"CANDIDATE"
"K05431.01",,7812990,288.418950,43.534599,43.08410127,,,,,13.782,"CANDIDATE"
"K05433.01",,7829836,294.304660,43.509701,237.819002,2.55,302.0,5878.00,1.0350,14.573,"CANDIDATE"
"K05434.01",,7830953,294.646700,43.577499,581.87357,2.96,218.0,5897.00,0.9920,15.738,"CANDIDATE"
"K05435.01",,7836096,296.186650,43.581379,15.9961296,1.71,560.0,4949.00,0.7770,15.951,"CANDIDATE"
"K05437.01",,7881464,288.141420,43.685799,213.63312404,,,,,13.885,"CANDIDATE"
"K05563.01",,8715589,300.000980,44.828499,7.62210397,3.8,1422.0,5222.00,3.1620,13.629,"CANDIDATE"
"K05566.01",,8741367,286.291290,44.920082,0.9886684,3.18,3183.0,6456.00,2.7730,12.551,"CANDIDATE"
"K05688.01",,9532603,294.350340,46.149570,14.5555096,2.03,594.0,5176.00,0.7380,16.897,"CANDIDATE"
"K05689.01",,9534832,295.180970,46.179401,114.12716,2.76,295.0,4816.00,0.8230,15.983,"CANDIDATE"
"K05690.01",,9536727,295.859340,46.117008,17.0497376,45.89,1971.0,5039.00,14.9540,13.582,"CANDIDATE"
"K05692.01",,9575728,285.636290,46.247269,2.64181261,0.59,834.0,4147.00,0.6830,14.137,"CANDIDATE"
"K05829.01",,10802364,293.910370,48.192081,583.8531,1.97,196.0,5591.00,0.8600,14.857,"CANDIDATE"
"K05830.01",,10809888,296.549900,48.186661,72.782432,11.19,924.0,5099.00,7.3170,13.628,"CANDIDATE"
"K05831.01",,10813078,297.451660,48.156910,10.552241908,1.75,485.0,4031.00,0.5850,15.712,"CANDIDATE"
"K05833.01",,10850327,286.591220,48.220268,440.171272,5.97,334.0,6261.00,1.6790,13.014,"CANDIDATE"
"K05834.01",,10855545,289.217320,48.204311,37.537859,1.77,583.0,6095.00,1.0820,15.769,"CANDIDATE"
"K05835.01",,10858504,290.579740,48.214218,474.96952,2.44,249.0,6287.00,0.9620,15.087,"CANDIDATE"
"K05440.01",,7888863,291.076660,43.612080,74.624063,1.75,448.0,6187.00,0.9370,15.335,"CANDIDATE"
"K05446.01",,7917068,299.341030,43.643162,416.9504,7.35,377.0,5751.00,2.6110,12.692,"CANDIDATE"
"K05570.01",,8747910,289.628140,44.942421,574.65297,2.28,196.0,5596.00,0.8210,14.789,"CANDIDATE"
"K05572.01",,8807988,287.061460,45.030430,21.9578446,0.78,533.0,5192.00,0.8020,13.596,"CANDIDATE"
"K05574.01",,8814872,290.307740,45.011410,373.41509,2.55,158.0,4236.00,0.6120,15.850,"CANDIDATE"
"K05694.01",,9579606,287.868990,46.269360,107.904526,1.26,337.0,5565.00,0.8020,14.295,"CANDIDATE"
"K05698.01",,9596820,295.225860,46.220150,282.029084,2.33,363.0,6886.00,1.2870,13.490,"CANDIDATE"
"K05812.01",,10601163,292.329440,47.835629,3.1318392,1.5,1443.0,6070.00,1.1590,14.122,"CANDIDATE"
"K05815.01",,10618044,298.068270,47.867809,207.767894,3.52,379.0,5210.00,1.8490,13.744,"CANDIDATE"
"K05816.01",,10656842,288.132020,47.995541,82.508054,14.04,878.0,4986.00,7.7330,12.594,"CANDIDATE"
"K05817.01",,10658177,288.726440,47.906872,113.083522,1.59,450.0,5903.00,1.4000,13.336,"CANDIDATE"
"K05819.01",,10663976,291.217620,47.952160,381.37504,1.24,212.0,5513.00,0.7290,14.182,"CANDIDATE"
"K05451.01",,7950158,288.036070,43.796139,529.39169,4.4,319.0,5283.00,2.5040,13.156,"CANDIDATE"
"K05577.01",,8841297,299.078310,45.054810,495.51899,2.94,305.0,6043.00,1.6340,13.500,"CANDIDATE"
"K05578.01",,8868481,284.315190,45.132259,388.048463,3,376.0,5779.00,2.4600,11.084,"CANDIDATE"
"K05579.01",,8888745,293.015630,45.166740,34.0269868,1.57,455.0,4999.00,0.8010,15.592,"CANDIDATE"
"K05580.01",,8890417,293.610440,45.160938,173.219879,2.41,405.0,6007.00,1.5180,13.957,"CANDIDATE"
"K05702.01",,9659022,295.694790,46.319328,511.882,2.56,241.0,6141.00,1.0070,15.462,"CANDIDATE"
"K05704.01",,9674789,300.474030,46.332039,96.16705,1.15,313.0,5147.00,0.7160,13.419,"CANDIDATE"
"K05707.01",,9723746,296.940310,46.494099,208.800733,2.88,347.0,6208.00,1.1680,15.239,"CANDIDATE"
"K05821.01",,10678912,296.752780,47.973282,113.71363032,,,,,15.499,"CANDIDATE"
"K05822.01",,10685764,298.742160,47.945278,17.634272,1.69,842.0,4885.00,1.9790,12.310,"CANDIDATE"
"K05825.01",,10737437,294.285030,48.059448,208.047137,2.05,363.0,5991.00,1.2000,13.934,"CANDIDATE"
"K05826.01",,10747162,297.390930,48.039280,30.561533,1.53,379.0,4294.00,0.6640,15.871,"CANDIDATE"
"K05455.01",,7979297,297.754940,43.789261,292.09809,2.09,267.0,5955.00,0.8830,15.003,"CANDIDATE"
"K05457.01",,8005002,280.342190,43.833340,578.21623,3.54,328.0,5166.00,3.2440,11.619,"CANDIDATE"
"K05458.01",,8007174,281.827700,43.808689,56.648588,2.19,377.0,5023.00,0.7820,15.602,"CANDIDATE"
"K05459.01",,8009811,283.373840,43.801361,53.554546,3.1,769.0,6039.00,2.6220,11.470,"CANDIDATE"
"K05461.01",,8016650,286.924260,43.829430,119.079642,17.89,795.0,4849.00,8.9840,13.468,"CANDIDATE"
"K05583.01",,8915379,300.955900,45.111080,20.5858591,1.31,586.0,5523.00,0.7530,15.306,"CANDIDATE"
"K05585.01",,8937555,285.099980,45.238110,113.573945,3.45,496.0,5155.00,2.2330,12.397,"CANDIDATE"
"K05588.01",,8946267,289.333400,45.242641,542.91133,2.27,199.0,5583.00,0.8240,15.373,"CANDIDATE"
"K05712.01",,9776907,294.404690,46.565720,287.75613,3.4,215.0,4965.00,0.7810,16.925,"CANDIDATE"
"K05715.01",,9832379,292.388180,46.615101,189.961729,1.93,260.0,5335.00,0.7420,15.713,"CANDIDATE"
"K05836.01",,10865043,293.454590,48.227852,202.18722766,,,,,13.762,"CANDIDATE"
"K05837.01",,10878117,297.914700,48.224411,280.92070688,,,,,15.261,"CANDIDATE"
"K05839.01",,10879899,298.477450,48.222031,169.415073,2.32,413.0,6362.00,1.3780,12.427,"CANDIDATE"
"K05842.01",,10933306,297.194240,48.322891,57.7749373,1.85,524.0,6277.00,1.0970,14.753,"CANDIDATE"
"K05467.01",,8040308,295.659580,43.858250,502.8356901,,,,,15.195,"CANDIDATE"
"K05468.01",,8040457,295.701080,43.825218,81.704814,1.65,442.0,6099.00,0.9500,14.794,"CANDIDATE"
"K05470.01",,8044083,296.768550,43.862000,578.21805,2.44,223.0,6089.00,0.9500,15.584,"CANDIDATE"
"K05591.01",,8959240,294.091280,45.217670,317.009388,4.03,345.0,5066.00,2.2700,13.555,"CANDIDATE"
"K05592.01",,8971044,297.483120,45.291142,482.51701,2.3,242.0,6168.00,0.9600,15.054,"CANDIDATE"
"K05597.01",,9011877,287.826780,45.331322,7.77710639,0.73,773.0,5073.00,0.8510,13.725,"CANDIDATE"
"K05718.01",,9838582,294.876280,46.607254,233.64574,5.2,296.0,5780.00,1.0000,17.106,"CANDIDATE"
"K05719.01",,9839030,295.055180,46.669750,27.285315,2.19,678.0,6304.00,1.0940,14.710,"CANDIDATE"
"K05344.01",,7018210,286.352420,42.585770,445.351255,3.66,370.0,7202.00,1.7550,13.735,"CANDIDATE"
"K05472.01",,8076215,281.954560,43.980610,97.5137491,5.27,630.0,5437.00,3.1800,12.603,"CANDIDATE"
"K05473.01",,8094942,290.847290,43.962742,549.42772,2.64,223.0,5957.00,0.9710,14.654,"CANDIDATE"
"K05474.01",,8099517,292.509580,43.957169,284.666844,8.98,486.0,5248.00,4.4130,13.761,"CANDIDATE"
"K05476.01",,8105719,294.606290,43.937141,148.179343,2.52,367.0,5635.00,1.1830,15.563,"CANDIDATE"
"K05598.01",,9012244,287.998230,45.396439,376.934014,2.13,274.0,6074.00,1.0340,13.797,"CANDIDATE"
"K05600.01",,9018021,290.390320,45.389992,17.168095,4.81,603.0,5053.00,1.9070,14.498,"CANDIDATE"
"K05602.01",,9026007,293.293370,45.342541,403.163148,2.49,240.0,5812.00,0.9630,14.624,"CANDIDATE"
"K05603.01",,9026248,293.379940,45.313850,341.557931,6.81,393.0,5138.00,3.0980,12.472,"CANDIDATE"
"K05604.01",,9044060,298.283080,45.373589,476.91977,2.49,321.0,6282.00,1.7250,12.952,"CANDIDATE"
"K05605.01",,9047416,299.191710,45.343540,9.011888,7.04,1105.0,5627.00,1.7350,14.321,"CANDIDATE"
"K05725.01",,9851638,298.943300,46.679771,351.25069,2.23,186.0,4828.00,0.6300,15.806,"CANDIDATE"
"K05727.01",,9881660,287.367370,46.768650,65.3558881,2.61,337.0,4703.00,0.7640,15.676,"CANDIDATE"
"K05732.01",,9910043,298.569700,46.753971,39.399926,1.52,499.0,5913.00,0.7950,15.453,"CANDIDATE"
"K05352.01",,7101726,286.199860,42.613010,270.1430241,,,,,15.059,"CANDIDATE"
"K05358.01",,7125794,294.152340,42.618980,126.586058,1.54,460.0,6611.00,1.2490,12.968,"CANDIDATE"
"K05359.01",,7130612,295.413570,42.663071,2.7200197,1.53,713.0,3939.00,0.5270,16.560,"CANDIDATE"
"K05479.01",,8125917,299.988010,43.917721,18.347081,5.65,855.0,5465.00,1.7020,14.261,"CANDIDATE"
"K05480.01",,8129333,300.872040,43.973541,57.140035,5.78,588.0,5936.00,1.4600,16.558,"CANDIDATE"
"K05482.01",,8158429,289.229100,44.091660,31.707574649,2.96,547.0,5861.00,0.8650,15.197,"CANDIDATE"
"K05485.01",,8197176,300.885220,44.081329,9.3589254,17.37,1528.0,5188.00,4.5210,17.054,"CANDIDATE"
"K05486.01",,8197406,300.941860,44.023651,4.15472242,23.47,2292.0,6996.00,3.3590,12.572,"CANDIDATE"
"K05608.01",,9073549,284.324890,45.482319,87.565484,2.12,437.0,6064.00,1.0690,15.212,"CANDIDATE"
"K05609.01",,9079671,287.763850,45.482159,535.1515,2.7,258.0,5468.00,1.4230,12.706,"CANDIDATE"
"K05610.01",,9079767,287.818150,45.404732,495.40462,152.21,248.0,6225.00,1.0310,13.825,"CANDIDATE"
"K05612.01",,9087853,291.465180,45.470070,353.65927,2.58,223.0,5438.00,0.8200,15.871,"CANDIDATE"
"K05613.01",,9097470,294.827760,45.469952,346.4174,2.41,251.0,5754.00,0.9460,15.612,"CANDIDATE"
"K05736.01",,9935983,283.673460,46.822720,161.651504,2.22,377.0,5725.00,1.2890,13.756,"CANDIDATE"
"K05737.01",,9941136,286.630680,46.843369,376.24253,1.32,254.0,5916.00,0.9600,13.772,"CANDIDATE"
"K05740.01",,9942658,287.573610,46.822159,21.7997515,1.01,674.0,6122.00,0.9640,14.820,"CANDIDATE"
"K05360.01",,7132462,295.859100,42.642189,54.595746,2,649.0,6014.00,1.6990,13.670,"CANDIDATE"
"K05365.01",,7186436,287.019530,42.751282,585.64118,2.2,207.0,5779.00,0.9010,14.644,"CANDIDATE"
"K05367.01",,7191523,289.039370,42.701439,502.98283916,,,,,14.030,"CANDIDATE"
"K05487.01",,8223445,287.918610,44.121300,48.8130123,2.95,553.0,6202.00,1.1100,15.861,"CANDIDATE"
"K05616.01",,9114614,299.567080,45.473560,441.61919,1.71,152.0,4351.00,0.5920,14.497,"CANDIDATE"
"K05618.01",,9116510,300.082920,45.411072,318.49078,3.01,301.0,6026.00,1.1760,14.582,"CANDIDATE"
"K05741.01",,9953491,292.755550,46.811840,362.0619,2.12,203.0,5271.00,0.6980,15.766,"CANDIDATE"
"K05745.01",,9962595,296.327940,46.839630,11.374442708,22.86,687.0,5297.00,0.8080,14.585,"CANDIDATE"
"K05747.01",,9968924,298.274870,46.837372,411.447056,2.86,342.0,6519.00,1.6720,13.810,"CANDIDATE"
"K05748.01",,9993683,282.500210,46.918571,29.9371143,1.19,501.0,5115.00,0.8660,14.489,"CANDIDATE"
"K05369.01",,7198587,291.265840,42.739491,651.358046,14.58,411.0,5122.00,6.2610,12.888,"CANDIDATE"
"K05371.01",,7204233,293.002690,42.708851,33.3037881,1.14,422.0,4899.00,0.7130,14.733,"CANDIDATE"
"K05372.01",,7205717,293.448610,42.744911,212.60398,1.64,337.0,5834.00,1.2070,14.010,"CANDIDATE"
"K05373.01",,7206422,293.641820,42.736019,50.550788,5,790.0,5031.00,3.8590,11.509,"CANDIDATE"
"K05375.01",,7213311,295.517640,42.758942,285.374561,5.94,423.0,5142.00,2.7560,13.863,"CANDIDATE"
"K05497.01",,8279146,282.246310,44.282280,93.359737,1.05,592.0,6809.00,1.6730,10.926,"CANDIDATE"
"K05499.01",,8294683,290.015470,44.205582,122.58481,1.19,279.0,5003.00,0.6690,15.443,"CANDIDATE"
"K05500.01",,8295087,290.155180,44.254017,84.934357,1.6,531.0,6290.00,1.3950,13.670,"CANDIDATE"
"K05502.01",,8307489,294.617610,44.216881,421.98194,2.02,334.0,6760.00,1.5150,12.338,"CANDIDATE"
"K05625.01",,9147012,288.428190,45.566269,116.454312,3.33,306.0,5197.00,0.7360,16.017,"CANDIDATE"
"K05626.01",,9147029,288.435820,45.519852,397.499229,6.57,293.0,6423.00,1.2310,15.312,"CANDIDATE"
"K05628.01",,9157030,292.814150,45.546501,24.9093027,1.32,452.0,4810.00,0.6850,15.712,"CANDIDATE"
"K05629.01",,9157523,293.014860,45.577831,192.138741,1.93,407.0,6065.00,1.5690,12.534,"CANDIDATE"
"K05749.01",,9994381,282.934510,46.994869,281.95332,2.31,204.0,4864.00,0.6920,15.399,"CANDIDATE"
"K05755.01",,10007916,290.237730,46.980042,388.67155,1.49,210.0,5354.00,0.7880,14.829,"CANDIDATE"
"K05379.01",,7282470,291.922700,42.892921,520.655224,7.58,401.0,5227.00,4.3130,12.518,"CANDIDATE"
"K05380.01",,7289139,293.961460,42.806419,369.93355,3.24,270.0,6158.00,1.0240,15.524,"CANDIDATE"
"K05506.01",,8352009,285.795720,44.350510,641.60204,1.61,230.0,6277.00,1.0310,14.152,"CANDIDATE"
"K05509.01",,8378278,296.184940,44.342991,28.406342,1.41,613.0,6085.00,0.9360,15.423,"CANDIDATE"
"K05632.01",,9166700,296.338130,45.545109,264.466625,2.61,346.0,6551.00,1.2360,11.154,"CANDIDATE"
"K05633.01",,9173014,298.113650,45.563419,151.77884,4.35,616.0,6328.00,3.1340,11.141,"CANDIDATE"
"K05635.01",,9178894,299.743870,45.586361,113.993156,2.23,729.0,7892.00,2.4960,11.176,"CANDIDATE"
"K05758.01",,10027861,297.664370,46.944820,102.493119,2.7,317.0,5166.00,0.7910,15.142,"CANDIDATE"
"K05759.01",,10064591,287.094120,47.075359,284.94212784,,,,,13.248,"CANDIDATE"
"K05761.01",,10083325,294.973300,47.015369,6.13292733,1.56,1379.0,5877.00,2.0340,13.421,"CANDIDATE"
"K05762.01",,10090854,297.393220,47.011459,12.63063129,1.37,689.0,5579.00,0.7980,15.633,"CANDIDATE"
"K05764.01",,10098540,299.584630,47.000771,286.02266,2.03,180.0,4368.00,0.6370,15.450,"CANDIDATE"
"K05384.01",,7377343,295.908910,42.988209,7.95445779,9.5,1064.0,6217.00,1.1960,14.406,"CANDIDATE"
"K05385.01",,7383840,297.398560,42.991539,331.70918,6815.75,221.0,5282.00,0.8050,15.540,"CANDIDATE"
"K05387.01",,7416016,280.354520,43.056671,297.78282,1.17,167.0,4192.00,0.5900,14.587,"CANDIDATE"
"K05388.01",,7416306,280.521330,43.077068,137.396194,3.38,517.0,5425.00,2.6550,13.668,"CANDIDATE"
"K05389.01",,7416646,280.722870,43.065472,365.739893,1.73,241.0,5420.00,0.9530,12.962,"CANDIDATE"
"K05390.01",,7440715,290.507050,43.015041,104.198102,5.13,497.0,5087.00,2.0240,14.457,"CANDIDATE"
"K05511.01",,8395870,300.932370,44.344540,74.833577,1.68,590.0,5933.00,1.8070,12.395,"CANDIDATE"
"K05512.01",,8396288,301.055180,44.306229,8.5852872,3.02,777.0,5488.00,0.8180,16.565,"CANDIDATE"
"K05514.01",,8415353,284.764400,44.485004,102.100752,2.63,551.0,6359.00,1.8300,13.845,"CANDIDATE"
"K05515.01",,8429817,291.452270,44.431751,6.263491873,6.46,1180.0,6247.00,1.1940,13.952,"CANDIDATE"
"K05517.01",,8432249,292.393890,44.476212,335.43143,7.12,468.0,5172.00,4.7210,13.938,"CANDIDATE"
"K05518.01",,8439618,295.065730,44.477032,558.21886,3.1,198.0,5679.00,0.7940,15.326,"CANDIDATE"
"K05638.01",,9209981,288.011170,45.687160,290.02002,1.56,321.0,6452.00,1.1480,14.737,"CANDIDATE"
"K05639.01",,9210738,288.401820,45.677029,279.21957,4.92,395.0,5159.00,2.6040,13.845,"CANDIDATE"
"K05640.01",,9214176,290.153140,45.635471,348.665961,9.56,493.0,5183.00,4.8900,12.038,"CANDIDATE"
"K05642.01",,9217583,291.574550,45.618389,222.28056,2.56,405.0,6543.00,1.5310,12.401,"CANDIDATE"
"K05643.01",,9220614,292.793580,45.687859,570.01886,1.62,190.0,5496.00,0.7900,14.441,"CANDIDATE"
"K05644.01",,9224514,294.260190,45.694080,378.93139106,,,,,15.316,"CANDIDATE"
"K05645.01",,9229807,296.129850,45.681862,580.85326788,,,,,15.927,"CANDIDATE"
"K05769.01",,10146103,293.746250,47.154060,7.58062893,0.97,937.0,5753.00,1.0410,14.498,"CANDIDATE"
"K05393.01",,7458743,295.645170,43.065338,248.421771,18.92,579.0,4895.00,6.4280,13.586,"CANDIDATE"
"K05398.01",,7539277,295.029850,43.129421,551.22396,2.1,206.0,5691.00,0.8870,14.465,"CANDIDATE"
"K05897.01",,11444772,285.705410,49.342628,395.94327,2.53,172.0,4596.00,0.6780,15.921,"CANDIDATE"
"K05898.01",,11444974,285.829830,49.394310,76.37924,1.73,406.0,5451.00,0.9360,13.717,"CANDIDATE"
"K05899.01",,11446961,287.153720,49.331970,58.669218,1.28,450.0,5548.00,0.9860,13.899,"CANDIDATE"
"K05900.01",,11453930,291.145320,49.365318,355.84731,1.68,354.0,6823.00,1.4930,13.127,"CANDIDATE"
"K05901.01",,11456256,292.431370,49.368561,61.611129,1.29,597.0,6533.00,1.3860,12.332,"CANDIDATE"
"K05902.01",,11457664,293.163090,49.383331,150.728285,1.27,321.0,5778.00,0.8710,14.396,"CANDIDATE"
"K05903.01",,11465658,296.631810,49.363312,253.790434,2.06,253.0,5426.00,0.8500,15.327,"CANDIDATE"
"K05905.01",,11493378,283.469970,49.416962,35.6606167,,,,,13.951,"CANDIDATE"
"K05907.01",,11513366,294.729550,49.428478,587.38162,36.77,527.0,4784.00,11.8390,13.715,"CANDIDATE"
"K05909.01",,11520114,297.394960,49.484940,7.07987663,1.36,738.0,4808.00,0.8060,15.975,"CANDIDATE"
"K05910.01",,11520465,297.527070,49.404499,91.240335,1.75,494.0,6493.00,1.2050,13.890,"CANDIDATE"
"K05911.01",,11559493,292.077880,49.529610,357.41382,3.01,283.0,6233.00,1.0760,15.388,"CANDIDATE"
"K05912.01",,11598638,284.553680,49.684700,359.854745,2.25,302.0,6495.00,1.1680,13.728,"CANDIDATE"
"K05913.01",,11598894,284.748470,49.606258,89.366114,1.97,391.0,5861.00,0.8750,15.409,"CANDIDATE"
"K05915.01",,11599937,285.459170,49.661942,37.6259039,1.81,519.0,5874.00,0.8710,15.013,"CANDIDATE"
"K05916.01",,11600299,285.691100,49.690311,100.41475198,,,,,12.124,"CANDIDATE"
"K05917.01",,11601425,286.356200,49.690128,41.9934673,1.56,503.0,5766.00,0.9150,14.847,"CANDIDATE"
"K05918.01",,11601633,286.496860,49.614578,94.67782,1.46,353.0,5360.00,0.8660,14.258,"CANDIDATE"
"K05919.01",,11601972,286.732450,49.683189,290.196139,2.35,341.0,6238.00,1.4030,13.511,"CANDIDATE"
"K05921.01",,11614808,293.960270,49.619312,175.452812,3.96,591.0,6184.00,3.3040,13.086,"CANDIDATE"
"K05922.01",,11615258,294.157750,49.614971,367.07446,2.15,287.0,6315.00,1.1160,14.666,"CANDIDATE"
"K05923.01",,11615521,294.271820,49.633869,366.684634,10.75,444.0,5090.00,4.9620,13.026,"CANDIDATE"
"K05924.01",,11616434,294.690860,49.626991,291.306507,2.49,219.0,5031.00,0.7480,15.789,"CANDIDATE"
"K05925.01",,11651240,285.408420,49.763641,93.006,1.97,503.0,5518.00,1.7420,12.979,"CANDIDATE"
"K05926.01",,11652427,286.171050,49.710320,26.46288074,,,,,13.023,"CANDIDATE"
"K05928.01",,11674709,297.745670,49.707630,20.69920737,,,,,11.957,"CANDIDATE"
"K05929.01",,11716643,293.865260,49.800289,466.002988,4.92,223.0,5830.00,0.8760,14.692,"CANDIDATE"
"K05930.01",,11722217,296.252500,49.886559,302.77571,1,106.0,3358.00,0.3030,15.755,"CANDIDATE"
"K05931.01",,11773174,296.554690,49.958092,115.19952922,,,,,11.794,"CANDIDATE"
"K05932.01",,11803074,285.337830,50.066132,355.86134,2.79,233.0,5736.00,0.8010,15.887,"CANDIDATE"
"K05933.01",,11807906,288.436650,50.075722,236.506437,10.37,480.0,5066.00,3.9000,13.856,"CANDIDATE"
"K05934.01",,11811382,290.363650,50.052608,19.3854894,6.13,632.0,5432.00,0.9130,13.891,"CANDIDATE"
"K05935.01",,11818566,294.206300,50.045399,416.87893121,,,,,15.690,"CANDIDATE"
"K05936.01",,11819396,294.567380,50.069721,48.38798413,,,,,15.025,"CANDIDATE"
"K05937.01",,11824578,296.755400,50.055271,357.588538,3.53,420.0,7435.00,1.8760,13.382,"CANDIDATE"
"K05938.01",,11860294,289.653470,50.128010,545.205601,1.66,257.0,6273.00,1.1550,12.812,"CANDIDATE"
"K05939.01",,11868941,294.352750,50.185989,105.053389,1.52,449.0,6471.00,1.1300,13.724,"CANDIDATE"
"K05940.01",,11905398,286.489870,50.230068,24.7967294,3.14,537.0,5496.00,0.7760,15.627,"CANDIDATE"
"K05941.01",,11910670,289.651520,50.282619,44.7060191,60.47,465.0,5509.00,0.8110,13.783,"CANDIDATE"
"K05942.01",,11911929,290.368900,50.270550,125.277815,15.75,799.0,5119.00,7.7380,13.325,"CANDIDATE"
"K05943.01",,11923213,296.204590,50.236328,27.2020672,1.87,719.0,5869.00,1.3960,14.172,"CANDIDATE"
"K05945.01",,11959893,289.583560,50.348137,40.7282314,4.58,829.0,6531.00,2.2310,12.717,"CANDIDATE"
"K05946.01",,11966643,293.522640,50.308079,183.38048452,,,,,13.612,"CANDIDATE"
"K05948.01",,12007270,288.182560,50.498360,398.51312,1.23,222.0,5776.00,0.7590,13.843,"CANDIDATE"
"K05949.01",,12009917,289.685490,50.409229,559.785594,1.88,249.0,6201.00,1.1110,13.295,"CANDIDATE"
"K05950.01",,12020376,295.480100,50.421280,109.43946,1,314.0,5359.00,0.7410,13.718,"CANDIDATE"
"K05951.01",,12066767,294.170590,50.593632,194.25835342,,,,,15.779,"CANDIDATE"
"K05952.01",,12071775,296.408870,50.585171,164.507439,2.15,346.0,5866.00,1.0200,15.025,"CANDIDATE"
"K05953.01",,12102775,286.399440,50.625679,370.84786,4.03,219.0,5291.00,0.8860,15.479,"CANDIDATE"
"K05954.01",,12105086,288.055730,50.653690,73.908995,0.94,421.0,5865.00,0.9180,13.144,"CANDIDATE"
"K05955.01",,12110901,291.599880,50.635891,96.32561456,,,,,14.451,"CANDIDATE"
"K05956.01",,12121701,296.900570,50.628059,212.646179,3.19,321.0,6108.00,1.0300,15.611,"CANDIDATE"
"K05959.01",,12168895,296.241550,50.780510,251.48808,1.74,284.0,5979.00,0.9020,14.495,"CANDIDATE"
"K05960.01",,12170767,297.021700,50.769112,32.4185265,1.62,687.0,5622.00,1.4410,13.325,"CANDIDATE"
"K05961.01",,12253490,288.643250,50.901180,19.159760875,25.24,424.0,4492.00,0.5160,15.053,"CANDIDATE"
"K05964.01",,12300524,287.090060,51.016060,32.033211,0.85,591.0,6039.00,1.0050,13.186,"CANDIDATE"
"K05965.01",,12349560,286.937840,51.123508,43.3975622,1.69,388.0,4871.00,0.7250,15.944,"CANDIDATE"
"K05966.01",,12350136,287.358730,51.158321,478.79185021,,,,,14.630,"CANDIDATE"
"K05845.01",,10967168,287.372830,48.465542,22.2659599,1.18,896.0,6888.00,1.4920,11.299,"CANDIDATE"
"K05846.01",,10977671,292.815770,48.422169,199.064336,6.12,483.0,5157.00,3.4360,14.323,"CANDIDATE"
"K05847.01",,10978581,293.265080,48.426399,277.114286,17.56,605.0,5117.00,7.5490,12.348,"CANDIDATE"
"K05848.01",,10979952,293.886020,48.469292,323.159363,3.41,331.0,5251.00,1.8110,13.789,"CANDIDATE"
"K05849.01",,10989620,297.617070,48.408089,21.512259,1.13,639.0,5611.00,0.9970,14.489,"CANDIDATE"
"K05850.01",,10991389,298.291810,48.465691,303.226376,3.66,274.0,5952.00,0.9550,14.897,"CANDIDATE"
"K05967.01",,12401859,288.142000,51.245602,22.8631517,4.84,1112.0,5043.00,4.8740,12.260,"CANDIDATE"
"K05968.01",,12402588,288.537690,51.280384,97.942437,2.29,600.0,5997.00,2.2840,11.366,"CANDIDATE"
"K05971.01",,12418418,296.263240,51.266090,493.30572,1.08,149.0,4558.00,0.5480,13.771,"CANDIDATE"
"K05972.01",,12505590,288.627690,51.400131,449.87203,2.59,199.0,5310.00,0.7860,15.290,"CANDIDATE"
"K05973.01",,12506986,289.402400,51.441738,419.93373,1.82,285.0,6686.00,1.0530,12.710,"CANDIDATE"
"K05851.01",,10991431,298.307250,48.482460,322.221973,2.18,277.0,6026.00,1.0060,14.718,"CANDIDATE"
"K05852.01",,11021266,287.360440,48.556400,235.413973,3.2,304.0,6028.00,1.0010,15.583,"CANDIDATE"
"K05853.01",,11021676,287.603060,48.599289,366.68293,3.15,222.0,5217.00,0.8690,15.847,"CANDIDATE"
"K05854.01",,11026582,290.250850,48.558701,240.57135,2.93,302.0,6146.00,0.9430,14.466,"CANDIDATE"
"K05855.01",,11036168,294.796510,48.557861,217.792748,6.15,334.0,5600.00,1.2830,15.138,"CANDIDATE"
"K05857.01",,11046723,298.713470,48.545479,388.03884851,,,,,13.583,"CANDIDATE"
"K05974.01",,12554212,288.916200,51.534962,4.76815507,0.49,761.0,4680.00,0.6490,13.442,"CANDIDATE"
"K05977.01",,12690465,289.703950,51.871689,49.49059818,,,,,13.841,"CANDIDATE"
"K05978.01",,12734110,288.719060,51.914211,364.18129,1.78,209.0,4988.00,0.8500,14.923,"CANDIDATE"
"K05979.01",,12735793,289.791660,51.993721,37.7935113,0.89,592.0,6178.00,1.0760,11.982,"CANDIDATE"
"K05859.01",,11069681,283.309170,48.685829,172.621943,26.09,790.0,5119.00,9.3430,13.414,"CANDIDATE"
"K05860.01",,11072982,285.568790,48.632099,264.708077,6.17,425.0,5283.00,2.9070,13.581,"CANDIDATE"
"K05863.01",,11080702,290.002080,48.655361,8.67237968,0.87,825.0,5620.00,0.8820,14.219,"CANDIDATE"
"K05864.01",,11082795,291.170840,48.649261,35.9216912,1.38,468.0,5161.00,0.8290,13.791,"CANDIDATE"
"K05866.01",,11090926,295.023250,48.680649,102.300622,35.36,984.0,4895.00,9.4350,13.830,"CANDIDATE"
"K05867.01",,11097752,297.650700,48.617802,359.8455,14.76,510.0,4945.00,6.6320,12.117,"CANDIDATE"
"K05868.01",,11098704,298.021360,48.626141,22.7783121,1.89,863.0,6538.00,1.4770,13.787,"CANDIDATE"
"K05869.01",,11100170,298.575230,48.668362,114.406187,2.42,267.0,4641.00,0.6910,15.746,"CANDIDATE"
"K05870.01",,11129145,287.468230,48.758659,132.114,0.75,217.0,4342.00,0.5230,13.586,"CANDIDATE"
"K05871.01",,11145391,295.476900,48.765079,623.2344,2.04,196.0,5600.00,0.8390,14.645,"CANDIDATE"
"K05872.01",,11145637,295.568120,48.759811,46.16051579,,,,,15.655,"CANDIDATE"
"K05873.01",,11147785,296.324710,48.783112,217.170081,109061,802.0,5083.00,11.7230,12.446,"CANDIDATE"
"K05874.01",,11152511,298.062290,48.724918,287.33114,2.07,266.0,5426.00,1.0070,13.618,"CANDIDATE"
"K05876.01",,11182213,287.223510,48.813251,189.456089,2.2,337.0,5991.00,1.0260,15.242,"CANDIDATE"
"K05877.01",,11183752,288.218540,48.886742,230.358183,2.87,289.0,5803.00,0.8840,15.571,"CANDIDATE"
"K05878.01",,11191364,292.335020,48.872520,211.54114,1.88,251.0,5433.00,0.6890,15.784,"CANDIDATE"
"K05879.01",,11198419,295.576290,48.897861,88.523517,1.6,209.0,3827.00,0.4620,15.841,"CANDIDATE"
"K05881.01",,11251991,295.461490,48.903751,134.35872,1.27,499.0,6948.00,1.4330,11.083,"CANDIDATE"
"K05882.01",,11298442,292.615970,49.003139,55.01469183,,,,,13.113,"CANDIDATE"
"K05883.01",,11305417,295.740020,49.011520,198.781156,1.69,404.0,6493.00,1.4240,12.752,"CANDIDATE"
"K05885.01",,11340218,286.123570,49.105289,111.149082,1.87,364.0,5763.00,0.9480,14.889,"CANDIDATE"
"K05886.01",,11341266,286.796110,49.194260,284.87177,1.84,401.0,6437.00,1.7730,13.074,"CANDIDATE"
"K05888.01",,11348610,290.868800,49.105068,190.860818,1.84,273.0,5463.00,0.8030,15.491,"CANDIDATE"
"K05889.01",,11351454,292.399260,49.173641,374.41813,2.42,280.0,6195.00,1.1240,15.429,"CANDIDATE"
"K05890.01",,11355925,294.526820,49.175072,263.30198,2.19,308.0,5758.00,1.1320,14.225,"CANDIDATE"
"K05891.01",,11391512,285.208500,49.207829,370.31761,2.98,182.0,4665.00,0.7010,15.988,"CANDIDATE"
"K05892.01",,11393248,286.300840,49.211319,37.959659,1.41,484.0,5573.00,0.8270,15.337,"CANDIDATE"
"K05893.01",,11393633,286.555540,49.240501,405.6296,1.4,216.0,5583.00,0.7900,15.006,"CANDIDATE"
"K05895.01",,11407847,294.300840,49.240311,11.8307724,1.16,770.0,5550.00,0.9580,15.337,"CANDIDATE"
"K05896.01",,11414368,296.964230,49.202339,434.28175,1.94,212.0,5544.00,0.7500,14.886,"CANDIDATE"
"K06178.02",,8355178,287.531770,44.308010,33.814176,1.49,589.0,6122.00,0.9960,15.863,"CANDIDATE"
"K06179.01",,8374077,294.856600,44.322041,16.2957847,2.13,744.0,6063.00,1.0120,15.735,"CANDIDATE"
"K06180.01",,8494783,291.637330,44.564220,28.201998,,,,,12.044,"CANDIDATE"
"K06180.02",,8494783,291.637330,44.564220,58.92565,1.5,809.0,7282.00,2.2160,12.044,"CANDIDATE"
"K06182.01",,8590149,300.902470,44.612610,19.2405821,1.19,565.0,5031.00,0.8480,15.099,"CANDIDATE"
"K06182.02",,8590149,300.902470,44.612610,28.684308,1.35,512.0,5243.00,0.8210,15.099,"CANDIDATE"
"K00492.02",,3559935,295.182920,38.654228,265.29617,2.99,302.0,5589.00,1.2180,14.424,"CANDIDATE"
"K03440.02",,3559860,295.167210,38.637081,58.940569,2.48,465.0,5819.00,0.9900,15.606,"CANDIDATE"
"K03444.04",,5384713,297.429200,40.561909,14.1502311,0.74,390.0,3705.00,0.5290,13.693,"CANDIDATE"
"K03456.02",,6364582,292.002040,41.786961,486.12702,1.18,249.0,6008.00,1.0620,12.988,"CANDIDATE"
"K03504.02",,5471158,297.579800,40.603001,140.24408749,,,,,15.717,"CANDIDATE"
"K04568.02",,10407086,292.792540,47.576721,48.04066636,,,,,12.877,"CANDIDATE"
"K04647.02",,9947653,290.259310,46.885109,12.008552,2.08,1016.0,5303.00,1.9640,13.726,"CANDIDATE"
"K04657.02",,6527078,293.292790,41.997589,10.4314847,0.77,700.0,5361.00,0.7740,13.241,"CANDIDATE"
"K04895.02",,12416597,295.514950,51.203739,47.5571352,1.85,507.0,5861.00,0.9580,14.732,"CANDIDATE"
"K06093.02",,2019477,292.551940,37.421211,27.2497521,4.49,1090.0,5440.00,4.5240,13.330,"CANDIDATE"
"K01015.03",,8158127,289.096890,44.004379,16.9972894,3.14,956.0,5897.00,1.8600,14.500,"CANDIDATE"
"K06097.01",,2852810,291.515750,38.058418,93.05654364,,,,,12.749,"CANDIDATE"
"K06097.02",,2852810,291.515750,38.058418,88.433122,1.7,595.0,7092.00,1.5250,12.749,"CANDIDATE"
"K06097.03",,2852810,291.515750,38.058418,282.34315,2.35,404.0,7092.00,1.5250,12.749,"CANDIDATE"
"K06188.01",,8822421,293.247010,45.056461,1.645319649,2.46,1296.0,5416.00,0.7560,15.517,"CANDIDATE"
"K03878.02",,4472818,293.885410,39.519810,15.3573445,1.42,729.0,5818.00,0.9860,12.720,"CANDIDATE"
"K04009.02",,8934103,283.345700,45.274460,77.792718,2.17,453.0,5497.00,1.2410,15.245,"CANDIDATE"
"K04030.02",,9551430,300.188630,46.185768,163.51489847,,,,,15.553,"CANDIDATE"
"K05987.01",,3532985,287.915160,38.640781,5.288547653,55.28,2333.0,4918.00,9.1690,11.317,"CANDIDATE"
"K00600.02",,10718726,286.249820,48.060940,294.055263,2.8,288.0,6108.00,1.0110,14.827,"CANDIDATE"
"K06097.04",,2852810,291.515750,38.058418,126.505657,1.51,528.0,7092.00,1.5250,12.749,"CANDIDATE"
"K06100.02",,3229028,289.811430,38.324951,117.684591,1.52,459.0,6362.00,1.2790,13.036,"CANDIDATE"
"K01053.02",,5956656,290.607940,41.201092,46.245164,2.46,519.0,5553.00,1.1070,15.376,"CANDIDATE"
"K06191.01",,9093086,293.403230,45.493809,9.7043379,1.19,932.0,6273.00,1.0440,14.752,"CANDIDATE"
"K01616.02",,9015738,289.506350,45.370998,34.775371,0.67,582.0,6028.00,1.0470,11.538,"CANDIDATE"
"K07859.01",,7954278,289.825990,43.725231,0.306702491,0.93,2318.0,5310.00,0.7860,15.229,"CANDIDATE"
"K06191.02",,9093086,293.403230,45.493809,12.7713826,1.26,851.0,6273.00,1.0440,14.752,"CANDIDATE"
"K06194.01",,9145861,287.840420,45.599751,42.294739,140.14,1083.0,4926.00,7.8490,12.057,"CANDIDATE"
"K06195.01",,9153823,291.484950,45.545670,1.444486083,1.73,1051.0,4569.00,0.5590,15.356,"CANDIDATE"
"K04034.02",,10089911,297.124300,47.037022,11.6089351,46.44,1496.0,6303.00,3.5300,13.487,"CANDIDATE"
"K04103.02",,3747817,291.676820,38.874908,14.2378417,1.1,629.0,5273.00,0.8010,14.838,"CANDIDATE"
"K00521.02",,8162789,290.735170,44.091320,10.8206034,1.19,885.0,6032.00,1.0600,14.633,"CANDIDATE"
"K00649.02",,5613330,289.773250,40.800720,10.2090268,0.92,1058.0,6188.00,1.5240,13.310,"CANDIDATE"
"K06102.01",,3545840,291.752040,38.662540,54.2916336,1.67,665.0,6711.00,1.5650,10.915,"CANDIDATE"
"K06103.02",,3634051,287.975460,38.740280,122.8054416,118.62,602.0,5874.00,3.0060,13.436,"CANDIDATE"
"K01628.03",,6975129,298.395750,42.459751,37.8404232,1.76,607.0,6243.00,1.1490,12.949,"CANDIDATE"
"K06202.01",,9389245,284.141140,45.944641,47.25643291,,,,,11.543,"CANDIDATE"
"K04192.02",,9828127,290.586120,46.642689,32.0273169,1.14,525.0,5505.00,0.9090,15.004,"CANDIDATE"
"K04246.02",,5177859,289.073970,40.366009,8.75630628,1.12,982.0,5839.00,1.2270,13.382,"CANDIDATE"
"K04287.02",,11081504,290.458310,48.661369,9.6183111,0.85,1142.0,6134.00,1.6650,11.265,"CANDIDATE"
"K07865.01",,8110757,296.184780,43.980751,0.518060209,61.49,2921.0,5405.00,1.7720,14.463,"CANDIDATE"
"K04385.03",,3645438,291.399380,38.787750,17.3695112,1.45,588.0,5119.00,0.8340,15.825,"CANDIDATE"
"K04435.02",,8278685,281.955690,44.261532,17.8693759,0.81,759.0,6328.00,1.0130,13.517,"CANDIDATE"
"K04541.02",,5511659,283.251190,40.723110,17.236085,1.98,721.0,5543.00,1.1110,15.377,"CANDIDATE"
"K06108.01",,4139254,285.862700,39.205280,485.92297,1.07,225.0,5551.00,0.9570,12.120,"CANDIDATE"
"K01082.04",,10141900,292.144470,47.157349,9.6550473,1.45,705.0,4999.00,0.8430,15.692,"CANDIDATE"
"K06111.01",,4255944,289.848180,39.331463,228.65412,3.63,521.0,6845.00,2.6740,12.914,"CANDIDATE"
"K06209.01",,9655711,294.444000,46.335972,12.7143635,2.2,785.0,5947.00,0.9620,16.154,"CANDIDATE"
"K01839.02",,5856571,284.094570,41.182819,80.4103783,4.93,535.0,5476.00,1.6730,13.237,"CANDIDATE"
"K07873.01",,8222395,287.370390,44.187988,1.93188768,0.57,1427.0,5896.00,0.9140,13.500,"CANDIDATE"
"K07863.01",,8107150,295.080900,43.953239,5.2449156,0.52,1015.0,5823.00,0.8780,13.695,"CANDIDATE"
"K06115.01",,4464394,291.597750,39.536060,168.66934782,,,,,13.497,"CANDIDATE"
"K06118.01",,4739229,289.533360,39.836639,571.280892,3.65,324.0,7081.00,1.6190,12.767,"CANDIDATE"
"K06118.02",,4739229,289.533360,39.836639,4.66185924,1.16,1610.0,7081.00,1.6190,12.767,"CANDIDATE"
"K01250.02",,8620565,290.267670,44.712849,1.213672208,697.14,1789.0,6113.00,0.9950,14.912,"CANDIDATE"
"K06120.01",,4742420,290.450260,39.862011,90.097375,1.7,430.0,6116.00,1.0080,15.416,"CANDIDATE"
"K06209.02",,9655711,294.444000,46.335972,7.72966941,2.1,927.0,5947.00,0.9620,16.154,"CANDIDATE"
"K06210.01",,9727765,298.065490,46.436298,51.85656556,,,,,13.173,"CANDIDATE"
"K06214.02",,9974142,299.871310,46.822491,154.536881,4.1,544.0,6049.00,2.5220,13.654,"CANDIDATE"
"K03283.03",,9008103,286.089080,45.369011,87.707513,1.72,310.0,4944.00,0.7210,15.322,"CANDIDATE"
"K04396.04",,11296045,291.361880,49.021980,437.51586139,,,,,12.981,"CANDIDATE"
"K04913.02",,5769810,283.678800,41.096882,8.97377221,2.96,1530.0,6537.00,2.8290,13.360,"CANDIDATE"
"K06120.02",,4742420,290.450260,39.862011,205.41415,1.67,323.0,6123.00,0.9910,15.416,"CANDIDATE"
"K06127.01",,5306984,299.236790,40.425819,114.27173902,,,,,13.050,"CANDIDATE"
"K06216.01",,10198662,287.784610,47.228043,26.40805532,,,,,12.655,"CANDIDATE"
"K06216.02",,10198662,287.784610,47.228043,46.07931317,,,,,12.655,"CANDIDATE"
"K01860.04",,4157325,291.556950,39.227291,24.8434837,1.58,625.0,5670.00,1.0220,14.028,"CANDIDATE"
"K06217.01",,10200627,288.795530,47.203651,7.7016694,4.44,1627.0,5174.00,3.6080,15.268,"CANDIDATE"
"K04567.02",,8332521,301.562840,44.240391,4.67250377,1.11,1149.0,6146.00,0.9870,13.775,"CANDIDATE"
"K07875.01",,8242769,295.066310,44.162449,21.9711574,1.32,649.0,5763.00,0.9970,15.570,"CANDIDATE"
"K01310.02",,10964440,285.662690,48.435371,144.688915,3.33,416.0,5372.00,1.7100,14.569,"CANDIDATE"
"K06130.01",,5428657,284.441010,40.625000,1.54287434,1.05,1007.0,4530.00,0.5390,15.121,"CANDIDATE"
"K06132.01",,5629353,294.557890,40.850498,33.3200908,13,750.0,6264.00,1.6510,14.624,"CANDIDATE"
"K06224.01",,10414727,295.681920,47.591881,91.20573037,,,,,12.962,"CANDIDATE"
"K01996.02",,4736569,288.668910,39.824009,7.07394528,0.84,647.0,4777.00,0.5610,15.629,"CANDIDATE"
"K00750.03",,10662202,290.465120,47.929180,14.516741,1.45,606.0,4954.00,0.8280,15.377,"CANDIDATE"
"K03283.02",,9008103,286.089080,45.369011,20.5718107,1.34,498.0,4922.00,0.7080,15.322,"CANDIDATE"
"K06132.03",,5629353,294.557890,40.850498,11.867172,4.03,1058.0,6264.00,1.6510,14.624,"CANDIDATE"
"K01319.02",,4078157,296.479370,39.127571,142.685885,2.76,319.0,5767.00,0.7990,15.484,"CANDIDATE"
"K06137.01",,5816144,298.194120,41.029331,12.4970599,1.44,839.0,6174.00,1.0210,14.191,"CANDIDATE"
"K02433.06",,11968463,294.338470,50.336540,6.06330298,1.64,1153.0,6308.00,1.1530,15.212,"CANDIDATE"
"K02433.07",,11968463,294.338470,50.336540,86.431871,2.85,464.0,6325.00,1.1120,15.212,"CANDIDATE"
"K02533.03",,11074835,286.715640,48.645279,26.1152887,2.38,898.0,5190.00,2.9120,13.274,"CANDIDATE"
"K00841.04",,5792202,292.236760,41.085880,269.306232,24,235.0,5251.00,0.8170,15.855,"CANDIDATE"
"K06141.01",,6032730,288.592900,41.307339,96.509214,860.3,787.0,7343.00,2.9550,8.655,"CANDIDATE"
"K06142.01",,6116172,289.481450,41.499420,69.64679311,,,,,13.735,"CANDIDATE"
"K06142.02",,6116172,289.481450,41.499420,111.65546,2121,579.0,6967.00,1.8630,13.735,"CANDIDATE"
"K06142.03",,6116172,289.481450,41.499420,86.13201864,,,,,13.735,"CANDIDATE"
"K06237.02",,11296437,291.573120,49.097771,47.14404783,,,,,11.741,"CANDIDATE"
"K06238.01",,11341164,286.728970,49.154945,197.05431574,,,,,12.366,"CANDIDATE"
"K06239.01",,11462969,295.566830,49.378029,406.496216,1.77,236.0,5847.00,0.8840,13.893,"CANDIDATE"
"K06239.02",,11462969,295.566830,49.378029,491.61516814,,,,,13.893,"CANDIDATE"
"K00841.05",,5792202,292.236760,41.085880,499.47338,3.71,191.0,5251.00,0.8170,15.855,"CANDIDATE"
"K06145.03",,6221385,296.359440,41.574532,7.3138454,2.73,1263.0,6486.00,1.4850,14.263,"CANDIDATE"
"K06242.01",,11656928,289.037720,49.712601,212.43503674,,,,,12.914,"CANDIDATE"
"K00353.03",,11566064,295.212680,49.562180,11.1619384,1.97,1093.0,6200.00,1.6400,13.374,"CANDIDATE"
"K06242.02",,11656928,289.037720,49.712601,76.83994597,,,,,12.914,"CANDIDATE"
"K06242.03",,11656928,289.037720,49.712601,78.86684,1.3,573.0,6907.00,1.3810,12.914,"CANDIDATE"
"K00896.03",,7825899,293.061400,43.581360,28.8672107,1.51,493.0,5191.00,0.8370,15.258,"CANDIDATE"
"K06150.01",,6946681,291.192930,42.494450,48.9528113,,,,,12.182,"CANDIDATE"
"K06151.01",,6946708,291.200960,42.449989,431.78556,1.36,211.0,5642.00,0.7470,14.401,"CANDIDATE"
"K06245.01",,11775507,297.517820,49.917702,144.102562,1.67,437.0,6528.00,1.2600,12.431,"CANDIDATE"
"K06245.02",,11775507,297.517820,49.917702,112.317402,1.77,475.0,6528.00,1.2600,12.431,"CANDIDATE"
"K06246.01",,11856178,287.165040,50.113232,9.13315062,1.48,900.0,6122.00,0.9640,11.767,"CANDIDATE"
"K02086.04",,6768394,288.961240,42.265011,335.56311,1.83,333.0,6200.00,1.4480,13.959,"CANDIDATE"
"K00337.02",,10545066,295.684810,47.748081,154.607419,1.56,340.0,6017.00,0.9310,13.936,"CANDIDATE"
"K01519.02",,7663405,283.478180,43.383781,57.132855,1.81,414.0,5157.00,0.9040,15.369,"CANDIDATE"
"K02163.03",,11358389,295.626590,49.130428,28.2251049,1.59,625.0,6014.00,1.0210,14.651,"CANDIDATE"
"K02183.03",,5706595,292.171140,40.916309,150.381954,2.26,325.0,5569.00,0.9540,15.198,"CANDIDATE"
"K02184.02",,12885212,290.175020,52.220341,95.906433,2.17,288.0,4620.00,0.7360,15.504,"CANDIDATE"
"K02194.03",,3548044,292.326450,38.657581,445.21685,1.37,237.0,5670.00,0.9500,13.865,"CANDIDATE"
"K02209.02",,8168187,292.714450,44.082329,35.502865,2.18,724.0,5528.00,1.8390,14.310,"CANDIDATE"
"K00945.03",,9605514,297.951600,46.264721,66.789347,2.07,490.0,6297.00,1.0310,15.083,"CANDIDATE"
"K06068.01",,9418619,297.181760,45.988441,6.150251376,100.03,2251.0,8914.00,2.8670,10.622,"CANDIDATE"
"K06164.01",,7835312,295.970790,43.529690,29.5126153,1.84,678.0,5746.00,1.3510,15.334,"CANDIDATE"
"K02281.02",,9221517,293.131100,45.663551,455.27405,1.54,196.0,5178.00,0.8180,13.829,"CANDIDATE"
"K00365.02",,11623629,297.486910,49.623451,117.761,0.62,337.0,5564.00,0.8500,11.195,"CANDIDATE"
"K02327.02",,10730703,291.657780,48.009312,46.331703,1.39,441.0,5477.00,0.8150,15.378,"CANDIDATE"
"K02450.02",,7289317,294.009460,42.880772,7.1931193,1.12,916.0,5518.00,1.0080,14.834,"CANDIDATE"
"K00266.02",,7375348,295.404330,42.981422,47.7439509,1.74,575.0,5949.00,1.2920,11.472,"CANDIDATE"
"K00992.02",,1432789,291.499420,37.059280,4.57834367,1.44,1206.0,5782.00,1.2200,15.214,"CANDIDATE"
"K01522.02",,12266636,295.806580,50.909801,12.654896,1.02,801.0,5833.00,1.0220,14.264,"CANDIDATE"
"K06168.01",,7974634,296.586980,43.766918,131.258668,1.59,433.0,6443.00,1.2480,12.236,"CANDIDATE"
"K07870.01",,8182107,297.067200,44.067600,92.552007,2.1,440.0,5808.00,1.2200,14.452,"CANDIDATE"
"K06168.02",,7974634,296.586980,43.766918,75.072964,1.09,522.0,6443.00,1.2480,12.236,"CANDIDATE"
"K06172.01",,8163784,291.066990,44.071201,31.8134892,1.18,496.0,5505.00,0.7760,14.458,"CANDIDATE"
"K02610.02",,2305866,292.093320,37.613480,115.230655,4.02,632.0,6585.00,2.5170,12.605,"CANDIDATE"
"K02719.02",,5184911,291.184970,40.311211,106.25976,1.5,303.0,4827.00,0.8230,15.141,"CANDIDATE"
"K02828.02",,6436029,289.538820,41.892818,505.462916,3.46,181.0,4817.00,0.8330,15.768,"CANDIDATE"
"K02869.02",,7767162,296.293550,43.403271,274.743032,2.16,330.0,6277.00,1.2070,13.749,"CANDIDATE"
"K00423.02",,9478990,296.960270,46.034302,360.477635,11943.8,339.0,6266.00,1.5220,14.327,"CANDIDATE"
"K02871.03",,10793172,290.201630,48.185822,18.0811429,0.75,638.0,5693.00,0.8560,14.754,"CANDIDATE"
"K06085.01",,11404644,292.756100,49.264561,5.902596818,25.8,1123.0,6184.00,1.0940,15.179,"CANDIDATE"
"K06173.01",,8165617,291.742310,44.074871,214.013044,1.54,397.0,6698.00,1.3700,12.445,"CANDIDATE"
"K06176.01",,8223568,287.985600,44.147202,143.09688,1.48,441.0,6725.00,1.3100,11.538,"CANDIDATE"
"K06176.02",,8223568,287.985600,44.147202,73.4567573,,,,,11.538,"CANDIDATE"
"K06178.01",,8355178,287.531770,44.308010,13.0327301,1.64,809.0,6122.00,0.9960,15.863,"CANDIDATE"
"K02971.02",,4770174,297.393710,39.829041,31.9533679,1.65,725.0,6313.00,1.4670,12.742,"CANDIDATE"
"K03028.02",,9838804,294.962460,46.676289,458.16754,2.11,208.0,5536.00,0.8160,15.983,"CANDIDATE"
"K03088.02",,9020114,291.164370,45.318291,67.8766605,1.92,455.0,6018.00,0.9750,14.953,"CANDIDATE"
"K03214.02",,7983117,298.673770,43.795479,25.0901574,1.35,852.0,6033.00,1.7880,12.014,"CANDIDATE"
"K03401.02",,9966219,297.478390,46.815750,326.6708,2.2,283.0,5896.00,1.0720,14.388,"CANDIDATE"
"K00129.02",,11974540,297.009430,50.372318,143.21109362,,,,,13.224,"CANDIDATE"
"K00238.03",,7219825,296.998630,42.781960,362.97828,1.96,296.0,6086.00,1.2160,14.061,"CANDIDATE"
"K00593.04",,9958962,294.989140,46.838329,240.192808,2.68,298.0,6004.00,0.9770,14.957,"CANDIDATE"
"K00993.03",,1718189,290.728670,37.252651,86.723653,1.43,391.0,5830.00,0.8760,14.246,"CANDIDATE"
"K07878.01",,8263187,300.638090,44.156269,36.566324,15.41,828.0,5294.00,2.8840,17.195,"CANDIDATE"
"K06093.01",,2019477,292.551940,37.421211,20.5736113,3.86,1197.0,5440.00,4.5240,13.330,"CANDIDATE"
"K03207.01",,9518710,288.238620,46.118061,0.954388314,2.27,3406.0,7056.00,2.7850,11.872,"CANDIDATE"
"K03420.01",,7289338,294.015290,42.824371,5.77451117,1.87,1232.0,5821.00,1.4920,15.589,"CANDIDATE"
"K01920.02",,8218379,285.122040,44.110600,10.1384691,0.74,723.0,5483.00,0.7790,14.640,"CANDIDATE"
"K06618.01",,5706592,292.170290,40.907162,8.6040858,0.94,947.0,6250.00,0.9860,15.173,"CANDIDATE"
"K07882.01",,8364232,291.312810,44.381920,65.415183,1.31,295.0,4348.00,0.6460,15.559,"CANDIDATE"
"K06753.01",,6670742,284.332610,42.127090,72.28198,13.11,984.0,7694.00,3.6270,9.277,"CANDIDATE"
"K06759.01",,6697976,293.663300,42.113079,371.70965709,,,,,14.936,"CANDIDATE"
"K06889.01",,7592529,286.142910,43.236351,75.906736,0.63,507.0,6140.00,1.2060,11.649,"CANDIDATE"
"K06890.01",,7592922,286.330690,43.267929,2.15888911,0.72,1130.0,5269.00,0.7130,15.377,"CANDIDATE"
"K06892.01",,7602351,290.120880,43.243610,17.5806026,1.87,816.0,5839.00,1.3580,14.989,"CANDIDATE"
"K07023.01",,8362974,290.859710,44.350922,2.71772323,0.72,1123.0,5135.00,0.8740,14.520,"CANDIDATE"
"K07157.01",,9301564,298.805570,45.759998,23.9830523,1.17,718.0,5696.00,1.2920,13.863,"CANDIDATE"
"K07283.01",,10089123,296.898280,47.081059,134.413808,1.69,391.0,6013.00,1.1870,14.262,"CANDIDATE"
"K07894.01",,8555967,290.303100,44.678089,347.97611,1.62,253.0,5995.00,0.8780,14.648,"CANDIDATE"
"K04526.02",,3765917,295.968930,38.867168,11.8187288,2.09,919.0,5803.00,1.3280,15.271,"CANDIDATE"
"K04535.02",,3547760,292.252840,38.608990,5.78901936,0.78,849.0,5289.00,0.7480,14.791,"CANDIDATE"
"K04716.02",,11290515,288.344880,49.021938,12.26708306,,,,,12.322,"CANDIDATE"
"K04838.02",,8216763,284.268590,44.197540,6.33342309,7.62,625.0,4352.00,0.6130,15.073,"CANDIDATE"
"K04871.02",,6767227,288.529020,42.276260,5.522479,0.76,1288.0,6532.00,1.2470,13.050,"CANDIDATE"
"K06368.01",,3854496,292.564210,38.931129,9.4588054,1.78,943.0,6247.00,1.0660,15.812,"CANDIDATE"
"K06372.01",,3936061,285.278230,39.088428,71.008017,1.11,419.0,5847.00,0.8490,14.603,"CANDIDATE"
"K06375.01",,3972432,295.896510,39.076359,2.90805147,0.97,1220.0,5889.00,0.8690,14.557,"CANDIDATE"
"K06631.01",,5860347,285.952180,41.144390,2.56271232,0.48,1171.0,5190.00,0.8990,13.273,"CANDIDATE"
"K06762.01",,6715997,297.835450,42.110390,15.08186,0.98,758.0,5794.00,1.0120,14.450,"CANDIDATE"
"K06763.01",,6763884,287.234860,42.263309,2.44693823,0.56,1379.0,5821.00,1.0330,12.160,"CANDIDATE"
"K06765.01",,6768616,289.044340,42.280022,13.05609,1.3,814.0,6078.00,0.9940,15.154,"CANDIDATE"
"K07032.01",,8394475,300.424320,44.343601,3.64049242,0.61,1136.0,5745.00,0.9360,12.646,"CANDIDATE"
"K07162.01",,9340411,291.052700,45.835129,5.1581317,2.02,1642.0,5155.00,3.3550,13.031,"CANDIDATE"
"K07291.01",,10163067,298.900600,47.107769,25.9136674,3.37,966.0,6167.00,2.3460,12.556,"CANDIDATE"
"K07426.01",,11241560,290.436770,48.983452,6.96197304,0.97,778.0,5008.00,0.8140,15.352,"CANDIDATE"
"K07427.01",,11244571,292.081850,48.967110,7.8935324,0.78,1052.0,6306.00,1.1090,13.954,"CANDIDATE"
"K07430.01",,11282568,282.939940,49.050289,1.320499473,18.94,4477.0,5172.00,13.4540,11.466,"CANDIDATE"
"K07432.01",,11286311,285.636810,49.009109,13.1538409,1.03,750.0,5443.00,1.0080,15.007,"CANDIDATE"
"K00460.02",,8043638,296.636840,43.802792,36.0484798,1.24,566.0,5602.00,1.1000,14.743,"CANDIDATE"
"K05875.02",,11176166,283.068630,48.802078,4.2742605,1.88,1326.0,6477.00,1.1480,14.496,"CANDIDATE"
"K06253.01",,1293379,291.113980,36.994061,27.556452,1.4,531.0,5509.00,0.8360,15.979,"CANDIDATE"
"K06384.01",,4076061,296.074070,39.158192,566.28176,2.79,203.0,5829.00,0.8020,15.992,"CANDIDATE"
"K06635.01",,5951140,288.888490,41.246738,0.52740121,1.49,1027.0,3582.00,0.4100,14.353,"CANDIDATE"
"K06641.01",,5966732,293.793700,41.204491,1.400903699,1.16,1764.0,6375.00,0.9750,15.514,"CANDIDATE"
"K06774.01",,6842345,284.132080,42.350441,17.3816224,26.55,756.0,6116.00,1.0200,15.567,"CANDIDATE"
"K06776.01",,6853172,288.730290,42.334011,28.655498,1.45,658.0,6268.00,1.1000,15.426,"CANDIDATE"
"K06777.01",,6859546,290.721950,42.391571,13.4450174,1.08,606.0,5003.00,0.7590,15.256,"CANDIDATE"
"K06904.01",,7687365,293.417850,43.342850,26.1556767,1.28,501.0,5204.00,0.7600,15.425,"CANDIDATE"
"K06907.01",,7700500,297.240390,43.397678,4.60687717,1.14,865.0,5110.00,0.7110,15.930,"CANDIDATE"
"K07040.01",,8442795,296.057280,44.461079,502.20642,2.18,212.0,6018.00,0.7330,14.948,"CANDIDATE"
"K07041.01",,8443812,296.384220,44.433418,8.3613732,0.79,793.0,5470.00,0.7770,15.122,"CANDIDATE"
"K07169.01",,9397900,289.041960,45.977081,10.5113779,0.72,1052.0,6575.00,1.3050,12.931,"CANDIDATE"
"K07174.01",,9458266,288.877690,46.059139,1.58487898,0.37,943.0,4201.00,0.5660,13.742,"CANDIDATE"
"K07301.01",,10264293,287.479860,47.360161,20.9525604,1.19,495.0,4885.00,0.7200,15.645,"CANDIDATE"
"K07305.01",,10290021,297.471620,47.399940,3.72920972,0.8,1713.0,6215.00,2.0500,9.976,"CANDIDATE"
"K07434.01",,11288492,287.048430,49.028610,5.704593,0.95,900.0,5523.00,0.8320,14.572,"CANDIDATE"
"K07435.01",,11288772,287.220090,49.053501,1.36752316,0.82,1684.0,5836.00,1.0480,13.861,"CANDIDATE"
"K07437.01",,11296724,291.720180,49.084541,1.9997244,0.84,1385.0,5838.00,0.8970,15.512,"CANDIDATE"
"K06256.01",,1871483,292.132390,37.388481,14.137062,1.37,568.0,4861.00,0.7090,15.729,"CANDIDATE"
"K06259.01",,2161949,291.812900,37.555870,4.78113942,1.14,1130.0,5683.00,1.1150,14.595,"CANDIDATE"
"K06259.02",,2161949,291.812900,37.555870,7.18864064,1.3,987.0,5683.00,1.1150,14.595,"CANDIDATE"
"K06511.01",,5083138,286.215390,40.203411,27.122801,1.46,594.0,5878.00,0.9450,15.747,"CANDIDATE"
"K06513.01",,5087223,287.974550,40.255230,5.62241111,1.17,561.0,3894.00,0.5410,15.627,"CANDIDATE"
"K06516.01",,5092799,289.844020,40.262741,11.2901559,0.88,617.0,5025.00,0.6570,15.929,"CANDIDATE"
"K06516.02",,5092799,289.844020,40.262741,28.24753303,,,,,15.929,"CANDIDATE"
"K06646.01",,6019971,282.588010,41.347092,7.1356633,1.38,751.0,4926.00,0.7930,15.125,"CANDIDATE"
"K06781.01",,6864706,292.305660,42.302479,14.5909249,0.93,622.0,5214.00,0.7660,14.953,"CANDIDATE"
"K06783.01",,6867219,293.024720,42.325089,11.8496351,1.31,802.0,6032.00,0.9290,15.472,"CANDIDATE"
"K06786.01",,6878408,295.932830,42.396690,455.62395,3,228.0,5883.00,0.8920,15.975,"CANDIDATE"
"K06913.02",,7755741,292.787020,43.416039,1.75173647,3.86,4900.0,10894.00,4.3780,13.752,"CANDIDATE"
"K07179.01",,9480398,297.374270,46.054806,407.14656,1.18,272.0,5845.00,1.1980,13.310,"CANDIDATE"
"K07180.01",,9490342,300.138550,46.061691,487.83894,3.94,298.0,5421.00,1.8770,13.728,"CANDIDATE"
"K07182.01",,9513168,284.957610,46.143810,6.853888,1.74,613.0,4199.00,0.6840,16.538,"CANDIDATE"
"K00547.02",,12116489,294.570400,50.673019,7.34672485,0.97,784.0,5271.00,0.8210,14.773,"CANDIDATE"
"K07445.01",,11411639,295.924040,49.220188,6.933574,1.3,829.0,5510.00,0.7930,15.804,"CANDIDATE"
"K06262.01",,2283362,286.110750,37.611851,0.673141323,1.29,1834.0,5461.00,0.8580,15.771,"CANDIDATE"
"K06263.01",,2301068,291.027190,37.613911,8.60965352,3.33,1550.0,5418.00,4.2330,12.765,"CANDIDATE"
"K06267.01",,2422820,286.134580,37.799881,13.8911152,1.12,674.0,5472.00,0.7900,15.365,"CANDIDATE"
"K06399.01",,4274071,294.404720,39.351681,6.76890076,1.24,1017.0,5737.00,1.1250,14.725,"CANDIDATE"
"K06401.01",,4282390,296.146550,39.396938,1.96134311,41.53,2167.0,6221.00,2.1980,13.749,"CANDIDATE"
"K06526.01",,5115688,295.949250,40.247829,486.77832,9.3,409.0,5039.00,4.9500,13.892,"CANDIDATE"
"K06653.01",,6045093,292.645940,41.353039,28.2682167,1.22,526.0,5496.00,0.8380,14.927,"CANDIDATE"
"K06657.01",,6057750,296.104000,41.369270,1.6037058,1.54,2492.0,6400.00,2.5120,13.700,"CANDIDATE"
"K07884.01",,8391983,299.772280,44.363022,0.70965042,1.49,2036.0,5618.00,1.0020,15.444,"CANDIDATE"
"K06793.01",,6947623,291.495850,42.478130,3.62657392,0.79,1014.0,5416.00,0.8000,14.835,"CANDIDATE"
"K06918.01",,7811211,287.570620,43.531738,0.902403563,6.17,1688.0,5776.00,0.7550,14.596,"CANDIDATE"
"K06919.01",,7812893,288.372130,43.591221,8.7998722,1.09,577.0,4298.00,0.6750,15.860,"CANDIDATE"
"K06921.01",,7816935,290.007840,43.502129,6.87778029,1.19,1052.0,6274.00,1.0620,15.099,"CANDIDATE"
"K06925.01",,7868967,281.356780,43.658352,12.9489256,0.94,416.0,3867.00,0.5250,15.663,"CANDIDATE"
"K07889.01",,8489260,289.574520,44.519939,130.235324,2.44,332.0,5616.00,0.9030,15.991,"CANDIDATE"
"K07319.01",,10388451,283.847560,47.515659,17.1677675,0.97,370.0,3761.00,0.5260,15.929,"CANDIDATE"
"K07320.01",,10396708,288.297150,47.560040,8.50207749,0.75,679.0,4889.00,0.7150,14.755,"CANDIDATE"
"K07449.01",,11495989,285.376710,49.461712,1.322475635,14.03,1097.0,4668.00,0.5480,14.335,"CANDIDATE"
"K07455.01",,11551652,287.575010,49.551167,3.773744,2.44,2001.0,7302.00,2.0690,11.419,"CANDIDATE"
"K06274.01",,2449245,292.730260,37.787182,18.1772927,1.5,737.0,6158.00,1.0260,15.324,"CANDIDATE"
"K06276.01",,2557350,286.819150,37.859009,3.09872834,0.64,579.0,3628.00,0.4100,15.870,"CANDIDATE"
"K06409.01",,4372620,293.578700,39.447979,19.9310602,2.42,960.0,5500.00,2.4910,13.370,"CANDIDATE"
"K06532.01",,5171707,286.748570,40.365440,0.813998812,1.36,1933.0,5705.00,0.9890,15.567,"CANDIDATE"
"K06664.01",,6111011,287.467380,41.471630,14.7639145,0.93,632.0,5541.00,0.7330,15.559,"CANDIDATE"
"K06666.01",,6128245,293.279300,41.403679,1.118510435,0.75,1684.0,5918.00,0.8650,14.796,"CANDIDATE"
"K06798.01",,6956176,294.077390,42.402241,2.64185268,3.56,2104.0,5195.00,2.9350,13.533,"CANDIDATE"
"K06931.01",,7902204,295.502290,43.609871,2.54031121,1.2,1268.0,5778.00,0.9110,15.921,"CANDIDATE"
"K07061.01",,8566113,294.201450,44.639839,1.371587993,4.91,2413.0,7045.00,1.6040,13.104,"CANDIDATE"
"K07195.01",,9588862,292.155430,46.204529,5.89773974,1,1150.0,6300.00,1.1260,14.742,"CANDIDATE"
"K07197.01",,9596064,294.950620,46.242149,1.74145041,1.46,1234.0,5238.00,0.7640,16.269,"CANDIDATE"
"K07199.01",,9596892,295.255650,46.216400,20.2944118,774.73,648.0,5865.00,0.9180,15.919,"CANDIDATE"
"K07327.01",,10450504,282.157870,47.686531,17.9908273,1.88,541.0,4918.00,0.7520,15.864,"CANDIDATE"
"K07330.01",,10464199,289.320470,47.632446,198.11309,1.09,399.0,6163.00,1.4860,11.909,"CANDIDATE"
"K07460.01",,11602794,287.319120,49.656990,5.70509519,1.58,947.0,5455.00,0.9270,15.597,"CANDIDATE"
"K06538.01",,5193439,293.676820,40.334068,129.847318,1.45,385.0,6133.00,1.0320,14.520,"CANDIDATE"
"K06542.01",,5215508,298.499940,40.333672,0.8867443,,,,,11.270,"CANDIDATE"
"K06672.01",,6187508,285.339630,41.539749,2.28494301,1,1180.0,5396.00,0.7890,15.181,"CANDIDATE"
"K06676.01",,6209225,293.161680,41.538158,439.21978,1.81,266.0,6553.00,0.9620,13.993,"CANDIDATE"
"K06934.01",,7939761,282.672580,43.788311,22.2548897,2.16,899.0,5349.00,2.3880,14.156,"CANDIDATE"
"K07069.01",,8613446,286.915990,44.704529,1.01485981,1.61,1928.0,6158.00,1.0240,15.572,"CANDIDATE"
"K07072.01",,8624860,291.795750,44.746181,15.3902613,4.39,1459.0,5649.00,4.9940,13.808,"CANDIDATE"
"K07073.01",,8625408,292.017330,44.713268,279.036565,30.25,323.0,6072.00,1.2730,13.054,"CANDIDATE"
"K07074.01",,8686442,290.754940,44.851589,26.8552365,1.49,618.0,6045.00,0.9550,14.958,"CANDIDATE"
"K07076.01",,8693536,293.530330,44.832771,16.2347636,1.28,852.0,6478.00,1.1880,14.299,"CANDIDATE"
"K07205.01",,9635520,284.699680,46.375092,2.3518268,39.82,1535.0,5445.00,1.4260,14.106,"CANDIDATE"
"K07208.01",,9639106,286.858120,46.311729,3.57944367,0.87,1018.0,5341.00,0.8010,15.560,"CANDIDATE"
"K07209.01",,9640123,287.510710,46.389950,8.2553499,3.28,1462.0,5403.00,3.6000,13.816,"CANDIDATE"
"K07339.01",,10546063,296.027740,47.753551,10.6982275,1.73,919.0,6277.00,1.0970,15.833,"CANDIDATE"
"K07467.01",,11650543,284.950260,49.747147,7.20558084,1.33,1253.0,6002.00,1.6930,13.553,"CANDIDATE"
"K07470.01",,11671646,296.534790,49.785851,392.50115,1.9,225.0,5128.00,0.9880,13.870,"CANDIDATE"
"K07471.01",,11672354,296.820370,49.750450,5.29655591,1.3,1156.0,6268.00,1.1000,15.591,"CANDIDATE"
"K06291.01",,2716979,292.296260,37.933060,8.8324193,0.98,999.0,6060.00,1.1330,13.303,"CANDIDATE"
"K06293.01",,2834463,286.587010,38.001080,5.88836941,1.21,1125.0,6243.00,1.0840,14.199,"CANDIDATE"
"K06425.01",,4567118,293.239290,39.691681,521.10826,1.5,231.0,5942.00,0.9470,14.163,"CANDIDATE"
"K06546.01",,5263167,288.030580,40.418301,3.39401963,1.03,1306.0,6181.00,1.0290,15.420,"CANDIDATE"
"K06680.01",,6265961,284.121340,41.633072,5.52507406,0.8,1028.0,5600.00,1.0370,13.692,"CANDIDATE"
"K06819.01",,7103300,286.845340,42.676960,3.226232203,1.01,1620.0,6534.00,1.4370,11.429,"CANDIDATE"
"K06949.01",,8007675,282.154850,43.867352,2.352446342,1.24,2173.0,6749.00,2.0030,12.047,"CANDIDATE"
"K07215.01",,9651602,292.829650,46.365768,3.90735046,0.83,1007.0,5497.00,0.8090,15.283,"CANDIDATE"
"K07345.01",,10586619,285.640900,47.811050,377.501257,2.16,242.0,5751.00,0.9400,15.044,"CANDIDATE"
"K07479.01",,11773625,296.739170,49.978352,7.1969168,1.1,1132.0,5530.00,1.5750,13.440,"CANDIDATE"
"K06299.01",,2970670,286.071140,38.167610,0.947554749,0.67,1633.0,5508.00,0.8400,13.853,"CANDIDATE"
"K06301.01",,2994092,292.400630,38.134579,50.271927,2.94,589.0,6520.00,1.2150,15.923,"CANDIDATE"
"K07879.01",,8297017,290.800570,44.270512,128.208643,6.15,792.0,7128.00,3.8110,11.036,"CANDIDATE"
"K06557.01",,5295206,296.927730,40.429661,6.63448023,1.04,1177.0,6463.00,1.2250,13.805,"CANDIDATE"
"K06687.01",,6307000,297.613070,41.672829,1.002591901,0.87,1391.0,4893.00,0.7390,15.790,"CANDIDATE"
"K06689.01",,6345758,284.576420,41.705971,3.37116682,0.98,1291.0,5653.00,1.1630,15.030,"CANDIDATE"
"K06954.01",,8016692,286.945400,43.899139,6.613671,0.91,1266.0,6056.00,1.5970,13.109,"CANDIDATE"
"K06957.01",,8042644,296.359560,43.866760,1.48062814,0.76,1653.0,6187.00,0.9370,15.189,"CANDIDATE"
"K07088.01",,8760760,294.599180,44.927689,2.68814059,0.92,1135.0,5636.00,0.7340,15.563,"CANDIDATE"
"K07093.01",,8807057,286.553650,45.002338,97.991569,1.41,467.0,6499.00,1.1690,13.650,"CANDIDATE"
"K07220.01",,9658089,295.358250,46.343929,1.057080807,0.97,1805.0,6000.00,0.9460,15.102,"CANDIDATE"
"K07223.01",,9674320,300.345250,46.339882,317.062416,1.59,218.0,5366.00,0.7150,14.634,"CANDIDATE"
"K07224.01",,9693803,283.116420,46.442699,13.4959496,1.62,784.0,5962.00,1.0190,15.669,"CANDIDATE"
"K07354.01",,10659624,289.366460,47.923851,43.2675604,1.61,664.0,5747.00,1.7290,13.468,"CANDIDATE"
"K07358.01",,10665228,291.706390,47.908581,11.3251153,1.26,674.0,5334.00,0.7270,15.995,"CANDIDATE"
"K07483.01",,11825996,297.347260,50.047440,16.9163386,0.68,648.0,5628.00,0.8100,13.132,"CANDIDATE"
"K07484.01",,11854636,286.102810,50.126541,37.0200232,2.14,507.0,5685.00,0.8860,15.424,"CANDIDATE"
"K07489.01",,11904704,286.038390,50.294441,0.565713361,0.81,1917.0,5220.00,0.8810,14.722,"CANDIDATE"
"K06697.01",,6368222,293.162020,41.735229,82.97062172,,,,,13.678,"CANDIDATE"
"K06698.01",,6372268,294.356170,41.777206,5.22422449,,,,,11.446,"CANDIDATE"
"K06835.01",,7135549,296.619200,42.674931,22.50053441,,,,,13.903,"CANDIDATE"
"K06960.01",,8091197,289.605220,43.952831,4.88698386,1.2,1133.0,6152.00,1.0090,13.873,"CANDIDATE"
"K06966.01",,8098960,292.303380,43.983810,8.47484677,1.35,780.0,5564.00,0.7850,15.381,"CANDIDATE"
"K07094.01",,8815279,290.456450,45.003231,13.56092626,,,,,15.561,"CANDIDATE"
"K07099.01",,8845552,300.305330,45.093418,34.0357766,1.05,337.0,4367.00,0.5010,15.534,"CANDIDATE"
"K07226.01",,9726452,297.722260,46.475830,42.48452259,,,,,14.824,"CANDIDATE"
"K07231.02",,9790965,298.911620,46.586578,4.74701479,13333.5,1640.0,6531.00,1.9210,13.388,"CANDIDATE"
"K07232.01",,9811915,281.229370,46.681862,1.96682825,1.18,1283.0,5595.00,0.7960,15.612,"CANDIDATE"
"K07359.01",,10665749,291.902160,47.962070,4.237447181,2.26,1172.0,5993.00,0.9930,15.504,"CANDIDATE"
"K07360.01",,10670112,293.669280,47.906689,4.0953585,7.76,1680.0,6839.00,1.7000,13.543,"CANDIDATE"
"K07361.01",,10680424,297.207520,47.972099,0.92623983,1.16,1208.0,4494.00,0.5910,16.280,"CANDIDATE"
"K00126.02",,5897826,297.475860,41.114288,0.875197345,0.73,2518.0,5855.00,1.7960,13.109,"CANDIDATE"
"K01106.03",,3240158,292.713100,38.358212,13.2298203,1.5,856.0,6049.00,1.1760,14.818,"CANDIDATE"
"K01110.02",,2837111,287.444090,38.088428,3.71840884,0.84,1184.0,5982.00,0.9600,14.794,"CANDIDATE"
"K06315.01",,3246867,294.341460,38.340519,5.32737192,0.7,782.0,4905.00,0.6790,14.440,"CANDIDATE"
"K06318.01",,3249334,294.878880,38.397812,5.90260586,1.26,759.0,4960.00,0.7070,15.734,"CANDIDATE"
"K06320.01",,3324069,285.640930,38.418732,22.80265,2.36,1045.0,5011.00,3.3240,13.124,"CANDIDATE"
"K06449.01",,4760959,295.526180,39.806839,29.9315174,1.58,517.0,5551.00,0.8090,15.671,"CANDIDATE"
"K06450.01",,4764969,296.322020,39.856049,0.602277579,0.78,2699.0,6510.00,1.2280,12.361,"CANDIDATE"
"K06454.01",,4830859,290.311340,39.980690,27.2173855,1.34,667.0,6263.00,1.0190,15.000,"CANDIDATE"
"K06568.01",,5353938,289.159550,40.511810,6.27651592,0.65,532.0,3914.00,0.5150,15.516,"CANDIDATE"
"K06570.01",,5380812,296.562320,40.590939,16.214474,3.53,1256.0,6801.00,2.6370,10.896,"CANDIDATE"
"K06705.01",,6423922,284.239900,41.819042,0.9951412,0.22,509.0,3325.00,0.1090,15.673,"CANDIDATE"
"K06707.01",,6436505,289.707030,41.843540,43.535891,1.86,444.0,5481.00,0.7780,15.857,"CANDIDATE"
"K07888.01",,8488381,289.203310,44.505138,4.7368156,0.6,1137.0,6088.00,1.0110,13.922,"CANDIDATE"
"K06970.01",,8115647,297.468570,43.982010,40.7698541,1.87,585.0,5884.00,1.2100,14.908,"CANDIDATE"
"K06971.01",,8120820,298.700010,43.976490,129.222771,2.01,288.0,4934.00,0.8090,14.784,"CANDIDATE"
"K07106.01",,8881169,290.212550,45.134991,5.01880305,1.08,1178.0,6220.00,1.0830,14.541,"CANDIDATE"
"K07111.01",,8953278,291.928960,45.231838,23.59919017,,,,,15.365,"CANDIDATE"
"K07235.01",,9821428,287.026150,46.686291,299.70688,1.15,237.0,5606.00,0.7600,14.713,"CANDIDATE"
"K07236.01",,9837013,294.293640,46.629501,14.461834,1.05,785.0,5457.00,1.1960,14.750,"CANDIDATE"
"K07370.01",,10751908,298.607850,48.016022,4.48538145,0.96,962.0,5654.00,0.7370,15.457,"CANDIDATE"
"K07375.01",,10812541,297.304380,48.195271,4.84847245,1.51,667.0,4137.00,0.6470,14.849,"CANDIDATE"
"K07506.01",,12016243,293.495640,50.480640,11.8436119,1.41,830.0,6077.00,0.9990,15.193,"CANDIDATE"
"K01427.02",,11129738,287.857730,48.774109,4.88446644,0.84,579.0,3883.00,0.5170,15.840,"CANDIDATE"
"K01574.04",,10028792,297.916870,46.965130,8.9772888,1.79,1113.0,5597.00,1.6990,14.600,"CANDIDATE"
"K01602.02",,4860678,297.796910,39.921371,3.03359398,1.55,1529.0,5557.00,1.6160,14.943,"CANDIDATE"
"K01681.04",,5531953,291.285000,40.730049,21.9139549,10.39,303.0,3638.00,0.4200,15.855,"CANDIDATE"
"K01840.02",,7765528,295.828700,43.425491,9.3888216,20.91,963.0,5846.00,1.2400,14.915,"CANDIDATE"
"K06579.01",,5456979,294.287780,40.692741,2.6528082,1.17,1280.0,5778.00,0.9350,15.668,"CANDIDATE"
"K06582.01",,5466109,296.471800,40.681622,2.43135542,1.07,1422.0,6231.00,0.9550,15.225,"CANDIDATE"
"K06849.01",,7217088,296.395480,42.780140,12.54474243,1.88,840.0,5767.00,1.1590,15.082,"CANDIDATE"
"K06978.01",,8145958,282.841030,44.049728,3.07551068,0.84,1389.0,5763.00,1.2420,13.359,"CANDIDATE"
"K06980.01",,8155654,287.941650,44.008018,6.29340543,1.08,1072.0,6214.00,1.0760,15.186,"CANDIDATE"
"K06983.01",,8167504,292.463780,44.090111,7.7021729,0.85,888.0,5618.00,0.9690,14.320,"CANDIDATE"
"K07116.01",,8958811,293.965450,45.273571,2.52557582,0.62,1364.0,5821.00,1.0360,13.564,"CANDIDATE"
"K07117.01",,8958939,294.007870,45.232689,8.2927558,1.01,927.0,6146.00,0.9430,15.382,"CANDIDATE"
"K07117.02",,8958939,294.007870,45.232689,22.786522,1.45,661.0,6146.00,0.9430,15.382,"CANDIDATE"
"K07376.01",,10815677,298.173370,48.173611,1.284241817,1.18,1623.0,5849.00,0.9190,15.674,"CANDIDATE"
"K07380.01",,10848097,285.355830,48.221489,15.9474242,1.21,670.0,5472.00,0.8770,14.801,"CANDIDATE"
"K07383.01",,10866969,294.200960,48.250061,50.0122,1.2,432.0,5357.00,0.8140,15.174,"CANDIDATE"
"K07510.01",,12067960,294.739620,50.566841,5.60682001,1.04,942.0,5699.00,0.8530,15.289,"CANDIDATE"
"K02050.02",,6307083,297.635190,41.641869,3.17796408,0.74,1034.0,5061.00,0.8410,12.218,"CANDIDATE"
"K02103.02",,7620413,295.502690,43.232792,3.66520844,0.82,1168.0,5579.00,1.0290,14.736,"CANDIDATE"
"K02199.02",,11705004,287.535030,49.801659,3.05293416,1.18,1047.0,5311.00,0.7880,15.901,"CANDIDATE"
"K02232.02",,2854181,291.813020,38.088181,12.834857,1.73,755.0,5492.00,1.0160,15.331,"CANDIDATE"
"K02321.02",,5978559,296.707240,41.203651,36.2530992,1.43,582.0,6002.00,1.0810,14.710,"CANDIDATE"
"K02421.02",,8838950,298.419310,45.071442,4.02321842,0.48,747.0,4671.00,0.5280,14.363,"CANDIDATE"
"K02439.02",,6867555,293.127380,42.320099,7.5017934,1.32,1046.0,6321.00,1.1250,15.438,"CANDIDATE"
"K02449.02",,12208631,291.550510,50.825611,0.912351255,1.46,1840.0,5481.00,1.0360,15.114,"CANDIDATE"
"K06329.01",,3346543,292.529390,38.489079,12.4701111,2.06,1074.0,5623.00,2.1090,14.024,"CANDIDATE"
"K06331.01",,3356193,294.872560,38.434460,5.8229815,1.36,914.0,5704.00,0.8040,15.902,"CANDIDATE"
"K06860.01",,7335514,280.776860,42.924541,0.576732089,0.43,1537.0,4524.00,0.7170,13.291,"CANDIDATE"
"K06985.01",,8180290,296.569370,44.017220,10.9279755,0.81,834.0,6045.00,0.9550,14.347,"CANDIDATE"
"K07125.01",,9025739,293.201480,45.354691,7.918267,0.93,953.0,5966.00,1.0160,14.758,"CANDIDATE"
"K07252.01",,9909965,298.548520,46.756641,10.2170589,1.17,929.0,6211.00,1.0540,14.455,"CANDIDATE"
"K07255.01",,9932197,280.991760,46.889370,86.95432088,,,,,14.248,"CANDIDATE"
"K07389.01",,10932270,296.849670,48.323318,27.5837778,11.03,1330.0,5092.00,7.9130,12.148,"CANDIDATE"
"K07520.01",,12304728,289.821990,51.063492,3.14735789,3.45,2209.0,5189.00,4.9300,14.386,"CANDIDATE"
"K02523.02",,7778767,299.169530,43.441090,2.61090223,1.8,1323.0,5514.00,1.0710,15.829,"CANDIDATE"
"K02564.02",,9026749,293.573940,45.384541,17.6637979,2.98,1178.0,5734.00,3.4050,14.074,"CANDIDATE"
"K02623.02",,10916600,290.025910,48.335949,4.02664625,0.68,1318.0,6187.00,1.2380,13.383,"CANDIDATE"
"K02636.02",,6198182,289.686710,41.588928,5.1777226,0.63,1050.0,5854.00,0.9790,12.320,"CANDIDATE"
"K00283.03",,5695396,288.530820,40.942299,9.48814747,0.73,856.0,5680.00,1.0160,11.525,"CANDIDATE"
"K02756.02",,6964929,296.232820,42.472790,5.06993245,0.92,1053.0,5957.00,0.9370,14.758,"CANDIDATE"
"K06341.01",,3545626,291.700470,38.695129,9.78184193,,,,,15.198,"CANDIDATE"
"K06342.01",,3547178,292.100710,38.614990,8.1770751,0.83,1115.0,6501.00,1.2090,12.419,"CANDIDATE"
"K06343.01",,3548622,292.475490,38.691311,569.45051,1.96,225.0,6117.00,0.9470,14.542,"CANDIDATE"
"K06475.01",,4939265,295.791380,40.012360,4.84505985,1.54,723.0,4337.00,0.7140,13.731,"CANDIDATE"
"K07880.01",,8308516,294.952580,44.207909,623.70774,1.81,258.0,6626.00,1.1320,13.379,"CANDIDATE"
"K06598.01",,5552808,296.823270,40.757229,10.95210361,,,,,11.969,"CANDIDATE"
"K06600.01",,5564082,299.114650,40.748619,2.70581614,0.69,1356.0,5992.00,0.9610,10.715,"CANDIDATE"
"K06731.01",,6551106,299.075070,41.942230,3.84615171,1.14,1199.0,6106.00,0.9660,15.256,"CANDIDATE"
"K06733.01",,6584278,283.773160,42.070862,1.28940823,2.48,3112.0,5826.00,4.1890,13.897,"CANDIDATE"
"K06734.01",,6590726,286.609380,42.063229,498.27269,2.12,214.0,5618.00,0.9320,15.477,"CANDIDATE"
"K06862.01",,7345335,285.502930,42.911789,11.0495766,0.83,738.0,5533.00,0.8190,14.804,"CANDIDATE"
"K06993.01",,8227086,289.622920,44.104431,13.8086331,1.09,659.0,5515.00,0.7610,15.567,"CANDIDATE"
"K06994.01",,8227464,289.771210,44.139969,4.25907841,0.7,1253.0,5560.00,1.3160,12.832,"CANDIDATE"
"K07129.01",,9085039,290.380250,45.445419,64.1983721,1.74,506.0,6088.00,1.0770,13.839,"CANDIDATE"
"K07133.01",,9099773,295.552920,45.473431,82.78482,2.16,501.0,5749.00,1.4800,14.909,"CANDIDATE"
"K07258.01",,9943009,287.768950,46.831940,2.4376438,0.79,1686.0,5927.00,1.5300,12.660,"CANDIDATE"
"K07259.01",,9944201,288.490910,46.804989,0.721522907,11.04,1475.0,4893.00,0.6250,15.069,"CANDIDATE"
"K07264.01",,9959093,295.042480,46.863991,19.1644498,1.83,988.0,5877.00,2.2340,13.314,"CANDIDATE"
"K07400.01",,11019739,286.400330,48.521961,4.15736472,1.09,931.0,5183.00,0.7820,15.517,"CANDIDATE"
"K03019.02",,8709688,298.401370,44.838181,2.012094,0.99,1523.0,5633.00,1.1620,14.927,"CANDIDATE"
"K03053.02",,2716801,292.254640,37.971420,9.4767057,1.38,841.0,5911.00,0.9140,15.761,"CANDIDATE"
"K03068.02",,3230805,290.260280,38.354988,6.65171459,0.84,713.0,4889.00,0.6860,14.976,"CANDIDATE"
"K03344.03",,11810124,289.664890,50.020039,208.54335,2.84,321.0,5533.00,1.1660,15.254,"CANDIDATE"
"K03348.02",,9349757,294.694060,45.866840,17.7189786,1.44,713.0,5566.00,1.0990,15.246,"CANDIDATE"
"K03395.02",,3219037,286.540410,38.332600,5.0395851,0.78,1067.0,5912.00,0.9240,14.634,"CANDIDATE"
"K03425.03",,9117416,300.316190,45.495380,7.64370363,1.85,1334.0,6120.00,2.0000,13.266,"CANDIDATE"
"K06352.01",,3663494,295.733340,38.792011,5.11683678,1.16,1039.0,5955.00,0.9100,15.221,"CANDIDATE"
"K06484.01",,4995716,286.547420,40.150539,16.1191449,1.34,619.0,5319.00,0.7830,15.696,"CANDIDATE"
"K06601.01",,5597361,283.133730,40.852421,17.9925973,1.62,748.0,5931.00,1.0870,14.604,"CANDIDATE"
"K06605.01",,5617510,291.040010,40.849930,74.371666,2.39,767.0,6865.00,2.2110,11.319,"CANDIDATE"
"K06739.01",,6603765,291.094850,42.002918,19.164111,1.11,519.0,5103.00,0.6740,15.455,"CANDIDATE"
"K06872.01",,7381580,296.915130,42.905079,13.5164708,0.88,645.0,5442.00,0.7470,15.087,"CANDIDATE"
"K07002.01",,8248103,296.695740,44.150761,4.83014159,1.3,1039.0,5693.00,0.9390,14.991,"CANDIDATE"
"K07003.01",,8256882,298.886690,44.115860,2.41194057,1.35,1654.0,5598.00,1.5940,14.106,"CANDIDATE"
"K07007.01",,8283875,284.772670,44.249371,0.800263219,0.77,1240.0,4336.00,0.5900,15.695,"CANDIDATE"
"K07136.01",,9150870,290.308010,45.598412,441.17369,2.27,217.0,5610.00,0.8580,15.632,"CANDIDATE"
"K07270.01",,10002049,287.464750,46.968410,19.2532128,1.42,692.0,6060.00,0.9530,15.362,"CANDIDATE"
"K07272.01",,10019854,295.082210,46.941711,14.1011023,1.26,904.0,6534.00,1.1990,15.105,"CANDIDATE"
"K07404.01",,11068630,282.558690,48.630970,1.817079849,1.39,1454.0,5808.00,0.9630,15.591,"CANDIDATE"
"K07408.01",,11092783,295.830510,48.602261,5.15998178,19.07,574.0,3900.00,0.5340,15.949,"CANDIDATE"
"K07534.01",,12454800,288.297880,51.326519,23.3787733,0.92,694.0,6210.00,1.0540,13.853,"CANDIDATE"
"K07535.01",,12458817,290.545040,51.323620,15.09984259,4.11,576.0,5191.00,0.6500,15.370,"CANDIDATE"
"K07539.01",,12519942,296.283110,51.404362,15.3416245,1.3,605.0,5061.00,0.8140,14.813,"CANDIDATE"
"K07540.01",,12555616,289.824220,51.552029,21.980467,0.92,625.0,5573.00,0.9360,13.852,"CANDIDATE"
"K04032.05",,7100673,285.728490,42.654530,7.23524221,0.82,948.0,5574.00,1.0650,12.639,"CANDIDATE"
"K04084.02",,3937814,286.052430,39.096050,10.72900793,1.78,722.0,5375.00,0.8760,15.188,"CANDIDATE"
"K04084.03",,3937814,286.052430,39.096050,8.19619768,1.55,851.0,5323.00,0.9950,15.188,"CANDIDATE"
"K04157.02",,4548098,287.410060,39.658680,5.215752,0.83,1156.0,6202.00,1.1220,12.692,"CANDIDATE"
"K06353.01",,3733638,287.223510,38.817612,10.0714369,1.98,1362.0,5768.00,2.8100,13.472,"CANDIDATE"
"K06355.01",,3748855,291.933560,38.827202,4.37198905,0.93,1085.0,5823.00,0.9190,14.701,"CANDIDATE"
"K06355.02",,3748855,291.933560,38.827202,6.72876606,1.03,940.0,5823.00,0.9190,14.701,"CANDIDATE"
"K06358.01",,3765692,295.924560,38.876968,3.09383248,1.32,998.0,5327.00,0.6810,15.896,"CANDIDATE"
"K06489.01",,5021432,294.656100,40.137260,14.05652256,,,,,13.697,"CANDIDATE"
"K06610.01",,5633259,295.552980,40.877991,315.07717192,,,,,15.341,"CANDIDATE"
"K06617.01",,5702770,290.915040,40.988499,8.0018897,0.9,864.0,5830.00,0.8760,15.032,"CANDIDATE"
"K06745.01",,6614748,294.286930,42.032791,383.85362,2.78,314.0,6675.00,1.2930,15.232,"CANDIDATE"
"K06746.01",,6628926,297.622990,42.098820,2.564012541,7.27,1720.0,6274.00,1.4280,14.121,"CANDIDATE"
"K06750.01",,6664842,281.520200,42.169472,5.21395046,1.24,1201.0,5529.00,1.4120,14.430,"CANDIDATE"
"K06751.01",,6665064,281.649990,42.132061,24.996068,2.4,604.0,5761.00,0.9560,15.183,"CANDIDATE"
"K06752.01",,6670610,284.274990,42.123779,8.9429645,0.89,536.0,4183.00,0.5940,15.537,"CANDIDATE"
"K06878.01",,7447895,292.720790,43.076809,2.405625303,1.11,1180.0,5450.00,0.8300,14.709,"CANDIDATE"
"K06882.01",,7461521,296.283840,43.033981,0.7735301,1.87,2474.0,6296.00,1.3500,14.752,"CANDIDATE"
"K06884.01",,7537660,294.601500,43.159935,2.42186898,,,,,13.583,"CANDIDATE"
"K07144.01",,9203154,284.125210,45.628052,0.839907158,0.92,1640.0,5120.00,0.8530,15.695,"CANDIDATE"
"K07148.01",,9221627,293.171940,45.677391,1.7613778,2.32,1824.0,6544.00,1.2070,15.020,"CANDIDATE"
"K07279.01",,10053138,280.719480,47.072220,11.7728146,0.93,788.0,5410.00,1.0560,13.717,"CANDIDATE"
"K07281.01",,10066755,288.219760,47.041279,2.46506501,1.14,1999.0,6881.00,1.7140,12.446,"CANDIDATE"
"K07282.01",,10070479,289.961610,47.080360,1.758599866,1.6,1101.0,4744.00,0.7250,15.590,"CANDIDATE"
"K00566.02",,7119481,292.316010,42.626251,14.1573717,1.1,778.0,6122.00,0.9640,14.718,"CANDIDATE"
"K07415.01",,11182260,287.260740,48.846512,1.291964282,10.97,1249.0,4995.00,0.6380,13.238,"CANDIDATE"
"K07416.01",,11187972,290.478000,48.854645,37.4646974,0.97,677.0,6266.00,1.3420,12.052,"CANDIDATE"
"K04301.02",,8773015,298.202610,44.925831,6.31915999,1.04,1369.0,6254.00,1.7060,13.096,"CANDIDATE"
"K04383.02",,9883606,288.469090,46.783680,2.58393841,0.77,1470.0,6164.00,1.0900,13.874,"CANDIDATE"
"K04421.02",,9836563,294.124880,46.672890,6.5595368,0.62,1079.0,5950.00,1.1960,12.788,"CANDIDATE"
"K00416.04",,6508221,286.865480,41.989079,31.5322987,0.74,461.0,5183.00,0.7390,14.290,"CANDIDATE"
"K04500.03",,9100953,295.905030,45.405430,14.7510068,1.7,629.0,5295.00,0.8000,15.850,"CANDIDATE"
"K07607.01",,10079420,293.541410,47.007912,54.54312996,,,,,11.642,"CANDIDATE"
"K07617.01",,11559304,291.976350,49.575771,12.9284553,0.64,343.0,3578.00,0.3750,15.720,"CANDIDATE"
"K03184.03",,4735826,288.395290,39.872627,4.02018903,0.6,1337.0,5788.00,1.3760,11.158,"CANDIDATE"
"K04524.03",,5003670,289.548400,40.164200,3.33930957,1.2,1205.0,5700.00,1.0060,14.955,"CANDIDATE"
"K04782.02",,8973285,297.948700,45.255039,4.29251656,3.66,1144.0,6032.00,0.9730,15.850,"CANDIDATE"
"K04957.02",,2861126,293.281100,38.082241,4.98792404,0.73,485.0,3606.00,0.3950,15.555,"CANDIDATE"
"K05475.02",,8105398,294.494870,43.913620,5.68325648,0.97,1257.0,6072.00,1.2860,13.093,"CANDIDATE"
"K06447.02",,4758350,294.931980,39.812420,91.649983,2.27,568.0,6705.00,1.6080,12.964,"CANDIDATE"
"K06464.03",,4862625,298.215090,39.955101,541.742985,3.39,248.0,6373.00,1.0470,13.718,"CANDIDATE"
"K07546.01",,3965201,294.310640,39.049702,44.113873,4.9,1158.0,7854.00,3.4620,12.667,"CANDIDATE"
"K07554.01",,4862924,298.276730,39.903851,482.62011,1.98,263.0,6315.00,1.0950,14.519,"CANDIDATE"
"K07558.01",,5271090,290.566740,40.449902,10.1551587,0.94,721.0,5275.00,0.7960,15.413,"CANDIDATE"
"K07559.01",,5444276,290.485530,40.630699,0.708965461,1.13,2417.0,6528.00,1.1550,12.798,"CANDIDATE"
"K07562.01",,5878506,292.525300,41.197231,11.76872507,,,,,15.327,"CANDIDATE"
"K07567.01",,6443274,291.954380,41.826969,608.20572,1.46,143.0,4486.00,0.6460,15.059,"CANDIDATE"
"K02369.03",,5602588,285.720790,40.856960,7.2274321,1.28,967.0,6075.00,0.9690,15.832,"CANDIDATE"
"K07572.01",,6876575,295.513340,42.318790,91.069934,1.59,1103.0,9051.00,4.2320,9.748,"CANDIDATE"
"K07587.01",,8096395,291.358920,43.936810,366.088938,2.57,257.0,5941.00,0.9450,11.616,"CANDIDATE"
"K07589.01",,8168509,292.825900,44.098389,414.45008,7.01,364.0,7037.00,1.6830,13.913,"CANDIDATE"
"K02859.05",,10397751,288.831360,47.551991,5.43103616,0.66,873.0,5374.00,0.7210,13.851,"CANDIDATE"
"K07591.01",,8297319,290.906950,44.291779,328.32211,1.3,193.0,4906.00,0.6680,14.937,"CANDIDATE"
"K07592.01",,8423344,288.968230,44.448341,381.97977,1.55,132.0,3761.00,0.5260,15.494,"CANDIDATE"
"K07593.01",,8444868,296.702240,44.449451,67.412998,1.57,572.0,6525.00,1.3590,13.667,"CANDIDATE"
"K07596.01",,8682094,289.015500,44.882050,359.8249913,,,,,15.733,"CANDIDATE"
"K07903.01",,8677057,286.310520,44.838188,0.694611128,0.64,1415.0,4612.00,0.6620,15.700,"CANDIDATE"
"K07905.01",,8702537,296.547700,44.898041,7.4751841,0.85,1168.0,5616.00,1.6020,13.075,"CANDIDATE"
"K07920.01",,9043947,298.252040,45.396641,1.04347858,1.09,2688.0,6014.00,2.2460,13.292,"CANDIDATE"
"K07915.01",,8880317,289.921970,45.103920,382.5891,2.15,305.0,6337.00,1.2390,13.678,"CANDIDATE"
"K08201.01",,10253977,281.870150,47.394989,392.601892,2.25,204.0,5307.00,0.7530,14.382,"CANDIDATE"
"K08205.01",,10351947,296.382780,47.409592,260.446151,25.39,608.0,4845.00,7.7960,12.766,"CANDIDATE"
"K07990.01",,10160922,298.315860,47.105091,87.487573,1.87,377.0,5774.00,0.8180,15.626,"CANDIDATE"
"K07991.01",,10198225,287.551820,47.244862,11.9451376,3.32,1337.0,5094.00,4.1630,12.609,"CANDIDATE"
"K07992.01",,10214341,294.382540,47.205769,277.13367,1.84,307.0,6461.00,0.9710,14.635,"CANDIDATE"
"K08211.01",,10515564,282.050780,47.743992,5.0487451,0.67,922.0,5450.00,0.8300,14.811,"CANDIDATE"
"K07998.01",,10321972,283.204800,47.478271,122.11555,2.96,351.0,5592.00,0.8940,15.546,"CANDIDATE"
"K08000.01",,10331279,288.274570,47.495781,225.48805,1.7,267.0,5663.00,0.7820,15.306,"CANDIDATE"
"K08107.01",,5802205,295.087490,41.037395,578.88761,1.69,315.0,6180.00,1.9170,11.402,"CANDIDATE"
"K08109.01",,5858919,285.293880,41.102600,218.771117,250.2,1997.0,3297.00,151.1840,12.429,"CANDIDATE"
"K08217.01",,10907307,284.741270,48.343670,277.25118,5.02,304.0,6046.00,1.0480,12.349,"CANDIDATE"
"K08007.01",,10403228,291.226720,47.549980,67.176626864,9.66,179.0,3391.00,0.3110,16.064,"CANDIDATE"
"K08011.01",,10407191,292.832000,47.507389,0.93420696,,,,,17.305,"CANDIDATE"
"K08111.01",,5955197,290.143040,41.277550,359.33831,2.33,216.0,5316.00,0.7530,15.825,"CANDIDATE"
"K08117.01",,6114140,288.770900,41.412571,0.933745798,3.45,2097.0,6367.00,1.0870,15.485,"CANDIDATE"
"K08221.01",,11338091,284.790710,49.125359,293.38641,1.35,347.0,6392.00,1.3400,11.097,"CANDIDATE"
"K08223.01",,11446424,286.794620,49.347591,66.716453,2.2,402.0,5447.00,0.8590,15.968,"CANDIDATE"
"K08012.01",,10452252,283.150570,47.671967,34.573718512,0.42,199.0,3374.00,0.2180,15.708,"CANDIDATE"
"K08122.01",,6507334,286.470370,41.994789,54.753883835,2.21,521.0,6242.00,1.0470,14.840,"CANDIDATE"
"K08232.01",,11872364,295.865330,50.133480,189.183958,3.31,312.0,5573.00,0.9810,15.053,"CANDIDATE"
"K08238.01",,12554485,289.090820,51.532009,495.662346,2.73,207.0,5515.00,0.8200,14.322,"CANDIDATE"
"K08026.01",,10536241,292.339510,47.746391,7.7529342,0.93,1002.0,5975.00,1.0720,14.751,"CANDIDATE"
"K08031.01",,10790401,289.027500,48.137920,254.336707,13.97,586.0,5193.00,6.5020,13.625,"CANDIDATE"
"K08241.01",,12647757,290.862760,51.701908,490.63941,7.67,412.0,5037.00,4.8170,13.227,"CANDIDATE"
"K08242.01",,3629119,286.043950,38.708801,331.55459,1.36,240.0,5762.00,0.8010,14.066,"CANDIDATE"
"K08246.01",,4446859,285.608220,39.579300,425.64971,1.58,281.0,6067.00,1.1950,13.855,"CANDIDATE"
"K07923.01",,9084569,290.199920,45.419998,395.13138,0.97,208.0,5060.00,0.8690,12.642,"CANDIDATE"
"K07924.01",,9087580,291.372220,45.468102,0.770658979,0.68,1548.0,5058.00,0.7390,15.132,"CANDIDATE"
"K07925.01",,9099607,295.501280,45.433979,4.6318914,0.64,1060.0,5926.00,0.8870,14.272,"CANDIDATE"
"K08033.01",,10844823,283.297060,48.266628,362.13187,2.23,208.0,5176.00,0.7660,15.313,"CANDIDATE"
"K08035.01",,10862759,292.483580,48.275219,29.4856392,1.46,793.0,6870.00,1.4070,13.783,"CANDIDATE"
"K08037.01",,10920281,291.944150,48.351791,3.65034525,0.72,578.0,3704.00,0.4500,15.519,"CANDIDATE"
"K08039.01",,11032748,293.319090,48.518608,43.9438891,1.12,505.0,6008.00,0.8750,14.685,"CANDIDATE"
"K08249.01",,4572728,294.637660,39.655811,309.191789,1.96,383.0,6299.00,1.7540,12.746,"CANDIDATE"
"K08253.01",,5098334,291.529510,40.252918,400.11482,0.95,226.0,5547.00,0.9110,13.521,"CANDIDATE"
"K07928.01",,9142714,286.042760,45.511211,1.12625975,,,,,15.375,"CANDIDATE"
"K07930.01",,9210820,288.439120,45.687210,377.67241,1.37,187.0,5031.00,0.6150,15.180,"CANDIDATE"
"K07931.01",,9227215,295.229370,45.624889,242.0367,2.11,323.0,6086.00,1.1160,15.055,"CANDIDATE"
"K07932.01",,9278575,290.893950,45.716640,502.25648,1.03,215.0,5637.00,0.8330,13.339,"CANDIDATE"
"K08043.01",,11139682,292.960300,48.700500,10.7781558,1.24,942.0,6386.00,1.1230,15.267,"CANDIDATE"
"K08046.01",,11182706,287.592530,48.886459,384.37706,50.93,676.0,4859.00,12.0230,12.656,"CANDIDATE"
"K08047.01",,11294822,290.696200,49.066078,302.34971,1.98,208.0,4829.00,0.7940,15.222,"CANDIDATE"
"K08257.01",,5683219,282.965450,40.922619,9.4609418,0.54,767.0,5485.00,0.7880,13.413,"CANDIDATE"
"K08259.01",,5956171,290.451900,41.225510,402.27493,1.73,262.0,6299.00,0.9500,14.619,"CANDIDATE"
"K07934.01",,9390228,284.672270,45.973820,22.6432436,2.12,624.0,5880.00,0.8910,15.581,"CANDIDATE"
"K07938.01",,9469494,293.685330,46.095737,275.5603,2.33,437.0,5989.00,2.4670,11.663,"CANDIDATE"
"K07940.01",,9521317,289.675080,46.131882,188.881049,1.86,330.0,6077.00,0.9990,12.850,"CANDIDATE"
"K08048.01",,11296205,291.454680,49.043289,379.67276,1.33,247.0,6156.00,0.8240,14.440,"CANDIDATE"
"K08050.01",,11350634,291.968020,49.115311,278.38935,6.81,464.0,4951.00,4.3420,12.795,"CANDIDATE"
"K08052.01",,11358305,295.590120,49.198601,7.8687123,1.73,1323.0,6738.00,1.6920,13.410,"CANDIDATE"
"K08053.01",,11392362,285.745640,49.238869,9.9105786,1.19,922.0,6214.00,1.0760,14.863,"CANDIDATE"
"K08054.01",,11443757,285.086850,49.362820,43.9088053,7.33,885.0,5216.00,4.3030,13.589,"CANDIDATE"
"K08156.01",,8439949,295.163640,44.422211,364.98242,3.12,293.0,6429.00,1.1160,14.324,"CANDIDATE"
"K08157.01",,8527297,301.661800,44.577499,0.58730021,,,,,14.010,"CANDIDATE"
"K08263.01",,6356506,289.325930,41.749939,280.55544,2.17,308.0,6292.00,1.0780,15.160,"CANDIDATE"
"K08055.01",,11453349,290.818240,49.305580,4.40660737,0.86,1152.0,6063.00,1.0010,14.689,"CANDIDATE"
"K08159.02",,8608544,284.192170,44.762112,353.01861,2.25,301.0,6450.00,1.1550,13.971,"CANDIDATE"
"K08163.01",,8708961,298.212650,44.804790,370.98253,119.96,338.0,6028.00,1.6300,13.936,"CANDIDATE"
"K08270.01",,7832787,295.222990,43.590439,338.00692,2.09,249.0,5741.00,0.8980,15.023,"CANDIDATE"
"K08272.01",,8022520,289.665740,43.879459,432.42787,1.14,259.0,6263.00,1.0090,13.814,"CANDIDATE"
"K07949.01",,9604563,297.696620,46.264679,1.001916708,0.62,1545.0,5521.00,0.7340,14.985,"CANDIDATE"
"K07951.01",,9640649,287.812870,46.340569,0.862329309,1.09,1825.0,5806.00,0.8990,15.769,"CANDIDATE"
"K07953.01",,9650579,292.412110,46.363880,432.96905,1.43,219.0,5580.00,0.8860,14.942,"CANDIDATE"
"K07954.01",,9650762,292.481660,46.371479,372.15035,1.74,232.0,5769.00,0.8120,15.138,"CANDIDATE"
"K08063.01",,11714107,292.587340,49.834469,405.35457,2.11,232.0,5650.00,0.9060,15.328,"CANDIDATE"
"K08068.01",,11904835,286.121770,50.279449,9.4640413,1.28,839.0,5968.00,0.8810,15.807,"CANDIDATE"
"K08275.01",,8329346,300.696720,44.298409,389.875816,3.76,207.0,5289.00,0.7900,15.953,"CANDIDATE"
"K08276.01",,8637903,296.407870,44.773640,385.858683,3.23,300.0,6551.00,1.1950,13.993,"CANDIDATE"
"K08277.01",,8673511,284.295650,44.895859,0.757261281,0.58,1908.0,5651.00,0.9530,14.024,"CANDIDATE"
"K08279.01",,9011955,287.867370,45.321289,367.0896,35.3,281.0,6268.00,1.1000,15.267,"CANDIDATE"
"K08280.01",,9159288,293.689790,45.549332,66.67305,2.64,542.0,6592.00,1.1900,14.634,"CANDIDATE"
"K08174.01",,8873873,286.949460,45.142139,295.06066,0.64,233.0,5332.00,0.7620,11.922,"CANDIDATE"
"K08286.01",,9592621,293.683900,46.265541,191.03728,3.54,286.0,5440.00,0.9010,16.652,"CANDIDATE"
"K08076.01",,12156930,290.039430,50.768501,71.10684,1.42,523.0,6339.00,1.2240,13.740,"CANDIDATE"
"K08077.01",,12266099,295.570010,50.904900,77.177672,1.29,327.0,4840.00,0.7490,14.427,"CANDIDATE"
"K08078.01",,12307496,291.554470,51.043201,0.805941833,29.85,1498.0,5022.00,0.6720,14.169,"CANDIDATE"
"K08082.01",,12602999,290.874110,51.685181,8.2766028,2.48,1623.0,6787.00,2.7530,12.430,"CANDIDATE"
"K08180.01",,9268159,285.327910,45.753738,185.97534,2.76,688.0,7365.00,3.6380,10.554,"CANDIDATE"
"K08183.01",,9468848,293.434940,46.039440,5.8877038,0.6,1026.0,6065.00,0.9470,13.811,"CANDIDATE"
"K07970.01",,9873004,282.030580,46.750809,1.98514635,1.28,1299.0,5581.00,0.8450,15.988,"CANDIDATE"
"K07973.01",,9899345,295.207980,46.786221,1.33199285,,,,,15.024,"CANDIDATE"
"K07976.01",,9906688,297.580230,46.719952,5.82561701,1.21,1037.0,5999.00,0.9670,15.449,"CANDIDATE"
"K08085.01",,2284957,286.619170,37.626240,419.2615,1.7,256.0,5979.00,0.9750,14.547,"CANDIDATE"
"K08089.01",,3663850,295.802030,38.797932,141.400279,41.55,945.0,4936.00,14.9070,12.783,"CANDIDATE"
"K08297.01",,12168280,295.977940,50.771481,229.957537,43.78,444.0,6419.00,2.0570,10.505,"CANDIDATE"
"K07978.01",,9938836,285.307680,46.829803,7.2681817,1.66,1444.0,6297.00,2.2190,13.729,"CANDIDATE"
"K07982.01",,10011213,291.604550,46.973289,376.37989,3.26,265.0,6231.00,0.9550,15.632,"CANDIDATE"
"K08193.01",,10028127,297.733980,46.961529,367.947848,3.72,228.0,5570.00,0.8550,15.719,"CANDIDATE"
"K07986.01",,10128825,286.509370,47.163219,1.73984941,0.72,1608.0,6119.00,1.0310,14.757,"CANDIDATE"
"K07988.01",,10155286,296.762880,47.145142,333.486169,19.3,557.0,4989.00,7.8240,10.998,"CANDIDATE"
